"einz-a Adria","einz-a-adria","#3b536e"
"einz-a Adria 11","einz-a-adria-11","#3f6b8f"
"einz-a Adria 22","einz-a-adria-22","#5684a7"
"einz-a Adria 33","einz-a-adria-33","#80a7c3"
"einz-a Adria 44","einz-a-adria-44","#94b9cc"
"einz-a Adria 55","einz-a-adria-55","#afcddb"
"einz-a Adria 66","einz-a-adria-66","#c5dae3"
"einz-a Adria 77","einz-a-adria-77","#d3e1e2"
"einz-a Adria 88","einz-a-adria-88","#e1eae9"
"einz-a Agave","einz-a-agave","#6c6440"
"einz-a Agave 11","einz-a-agave-11","#7f7550"
"einz-a Agave 22","einz-a-agave-22","#9d9168"
"einz-a Agave 33","einz-a-agave-33","#b7ab82"
"einz-a Agave 44","einz-a-agave-44","#cabf9a"
"einz-a Agave 55","einz-a-agave-55","#ded2b0"
"einz-a Agave 66","einz-a-agave-66","#e8dfc3"
"einz-a Agave 77","einz-a-agave-77","#ebe7d5"
"einz-a Agave 88","einz-a-agave-88","#eeebda"
"einz-a Bast","einz-a-bast","#bb8733"
"einz-a Bast 11","einz-a-bast-11","#cf973f"
"einz-a Bast 22","einz-a-bast-22","#dcb05e"
"einz-a Bast 33","einz-a-bast-33","#ebc87d"
"einz-a Bast 44","einz-a-bast-44","#f3d998"
"einz-a Bast 55","einz-a-bast-55","#f0deaa"
"einz-a Bast 66","einz-a-bast-66","#f3e8c1"
"einz-a Bast 77","einz-a-bast-77","#f1eace"
"einz-a Bast 88","einz-a-bast-88","#f4efd8"
"einz-a Bernstein","einz-a-bernstein","#e79526"
"einz-a Bernstein 11","einz-a-bernstein-11","#eca13b"
"einz-a Bernstein 22","einz-a-bernstein-22","#f0b658"
"einz-a Bernstein 33","einz-a-bernstein-33","#f6ce7c"
"einz-a Bernstein 44","einz-a-bernstein-44","#f8dd97"
"einz-a Bernstein 55","einz-a-bernstein-55","#f7e6b0"
"einz-a Bernstein 66","einz-a-bernstein-66","#f7ecc3"
"einz-a Bernstein 77","einz-a-bernstein-77","#f1ebcd"
"einz-a Bernstein 88","einz-a-bernstein-88","#f4efd9"
"einz-a Birke","einz-a-birke","#828c3d"
"einz-a Birke 11","einz-a-birke-11","#8e9a47"
"einz-a Birke 22","einz-a-birke-22","#a9b561"
"einz-a Birke 33","einz-a-birke-33","#c5cc81"
"einz-a Birke 44","einz-a-birke-44","#d2d99b"
"einz-a Birke 55","einz-a-birke-55","#dee3b1"
"einz-a Birke 66","einz-a-birke-66","#e8ebc7"
"einz-a Birke 77","einz-a-birke-77","#eeefd3"
"einz-a Birke 88","einz-a-birke-88","#ebedd5"
"einz-a Borke","einz-a-borke","#77694a"
"einz-a Borke 11","einz-a-borke-11","#837556"
"einz-a Borke 22","einz-a-borke-22","#9e8e6b"
"einz-a Borke 33","einz-a-borke-33","#bcab86"
"einz-a Borke 44","einz-a-borke-44","#ccbe9c"
"einz-a Borke 55","einz-a-borke-55","#dbceb1"
"einz-a Borke 66","einz-a-borke-66","#e6dcc5"
"einz-a Borke 77","einz-a-borke-77","#efe7d4"
"einz-a Borke 88","einz-a-borke-88","#efebda"
"einz-a Brasil","einz-a-brasil","#635547"
"einz-a Brasil 11","einz-a-brasil-11","#695b4e"
"einz-a Brasil 22","einz-a-brasil-22","#867767"
"einz-a Brasil 33","einz-a-brasil-33","#a69582"
"einz-a Brasil 44","einz-a-brasil-44","#bdae9a"
"einz-a Brasil 55","einz-a-brasil-55","#ccbfad"
"einz-a Brasil 66","einz-a-brasil-66","#dcd1c1"
"einz-a Brasil 77","einz-a-brasil-77","#e2dacd"
"einz-a Brasil 88","einz-a-brasil-88","#ede7db"
"einz-a Curry","einz-a-curry","#c37942"
"einz-a Curry 11","einz-a-curry-11","#cd874f"
"einz-a Curry 22","einz-a-curry-22","#df9e65"
"einz-a Curry 33","einz-a-curry-33","#eeb982"
"einz-a Curry 44","einz-a-curry-44","#f4cc9c"
"einz-a Curry 55","einz-a-curry-55","#f5d9b0"
"einz-a Curry 66","einz-a-curry-66","#f5e4c5"
"einz-a Curry 77","einz-a-curry-77","#f4e7d0"
"einz-a Curry 88","einz-a-curry-88","#f8eedb"
"einz-a Eibe","einz-a-eibe","#7e7549"
"einz-a Eibe 11","einz-a-eibe-11","#908555"
"einz-a Eibe 22","einz-a-eibe-22","#aba171"
"einz-a Eibe 33","einz-a-eibe-33","#cbc194"
"einz-a Eibe 44","einz-a-eibe-44","#d9d1a7"
"einz-a Eibe 55","einz-a-eibe-55","#e4ddbc"
"einz-a Eibe 66","einz-a-eibe-66","#e8e2c7"
"einz-a Eibe 77","einz-a-eibe-77","#eae8d4"
"einz-a Eibe 88","einz-a-eibe-88","#f1edde"
"einz-a Feuer","einz-a-feuer","#ba4f3d"
"einz-a Feuer 11","einz-a-feuer-11","#c25b47"
"einz-a Feuer 22","einz-a-feuer-22","#d67763"
"einz-a Feuer 33","einz-a-feuer-33","#e89680"
"einz-a Feuer 44","einz-a-feuer-44","#f4b39d"
"einz-a Feuer 55","einz-a-feuer-55","#f5c4b2"
"einz-a Feuer 66","einz-a-feuer-66","#f7d4c5"
"einz-a Feuer 77","einz-a-feuer-77","#f8dfd1"
"einz-a Feuer 88","einz-a-feuer-88","#f5e6da"
"einz-a Inkarot","einz-a-inkarot","#904f40"
"einz-a Inkarot 11","einz-a-inkarot-11","#9c5e51"
"einz-a Inkarot 22","einz-a-inkarot-22","#b47b70"
"einz-a Inkarot 33","einz-a-inkarot-33","#ce9b8e"
"einz-a Inkarot 44","einz-a-inkarot-44","#e0b4a9"
"einz-a Inkarot 55","einz-a-inkarot-55","#e9c6bb"
"einz-a Inkarot 66","einz-a-inkarot-66","#efd6cc"
"einz-a Inkarot 77","einz-a-inkarot-77","#f6e4da"
"einz-a Inkarot 88","einz-a-inkarot-88","#f2e7dd"
"einz-a Lorbeer","einz-a-lorbeer","#6d6f58"
"einz-a Lorbeer 11","einz-a-lorbeer-11","#7b7e67"
"einz-a Lorbeer 22","einz-a-lorbeer-22","#95987f"
"einz-a Lorbeer 33","einz-a-lorbeer-33","#afb098"
"einz-a Lorbeer 44","einz-a-lorbeer-44","#c4c5b0"
"einz-a Lorbeer 55","einz-a-lorbeer-55","#d1d0bd"
"einz-a Lorbeer 66","einz-a-lorbeer-66","#dfdece"
"einz-a Lorbeer 77","einz-a-lorbeer-77","#ecece1"
"einz-a Lorbeer 88","einz-a-lorbeer-88","#eeede4"
"einz-a Moos","einz-a-moos","#5f6b44"
"einz-a Moos 11","einz-a-moos-11","#707a52"
"einz-a Moos 22","einz-a-moos-22","#8a976c"
"einz-a Moos 33","einz-a-moos-33","#a7b487"
"einz-a Moos 44","einz-a-moos-44","#c0c7a1"
"einz-a Moos 55","einz-a-moos-55","#d2d9b8"
"einz-a Moos 66","einz-a-moos-66","#e0e5c9"
"einz-a Moos 77","einz-a-moos-77","#e7ead5"
"einz-a Moos 88","einz-a-moos-88","#ebecdd"
"einz-a Orange","einz-a-orange","#cc7235"
"einz-a Orange 11","einz-a-orange-11","#d77f3d"
"einz-a Orange 22","einz-a-orange-22","#e79e5d"
"einz-a Orange 33","einz-a-orange-33","#f1b877"
"einz-a Orange 44","einz-a-orange-44","#f4cd97"
"einz-a Orange 55","einz-a-orange-55","#f8deb1"
"einz-a Orange 66","einz-a-orange-66","#f9e5c3"
"einz-a Orange 77","einz-a-orange-77","#f3e8ce"
"einz-a Orange 88","einz-a-orange-88","#f4ecd7"
"einz-a Sahara","einz-a-sahara","#e8a530"
"einz-a Sahara 11","einz-a-sahara-11","#eeb13e"
"einz-a Sahara 22","einz-a-sahara-22","#f2c75f"
"einz-a Sahara 33","einz-a-sahara-33","#f7de82"
"einz-a Sahara 44","einz-a-sahara-44","#f3e49f"
"einz-a Sahara 55","einz-a-sahara-55","#f5ebb4"
"einz-a Sahara 66","einz-a-sahara-66","#f4eec2"
"einz-a Sahara 77","einz-a-sahara-77","#f2efd3"
"einz-a Sahara 88","einz-a-sahara-88","#f1efda"
"einz-a Schiefer","einz-a-schiefer","#4c4e4a"
"einz-a Schiefer 11","einz-a-schiefer-11","#575854"
"einz-a Schiefer 22","einz-a-schiefer-22","#6a6b65"
"einz-a Schiefer 33","einz-a-schiefer-33","#8d8c83"
"einz-a Schiefer 44","einz-a-schiefer-44","#a2a196"
"einz-a Schiefer 55","einz-a-schiefer-55","#bab7ad"
"einz-a Schiefer 66","einz-a-schiefer-66","#ccc9c0"
"einz-a Schiefer 77","einz-a-schiefer-77","#dcdad0"
"einz-a Schiefer 88","einz-a-schiefer-88","#e3e1d8"
"einz-a Schoko","einz-a-schoko","#7a5d44"
"einz-a Schoko 11","einz-a-schoko-11","#86694f"
"einz-a Schoko 22","einz-a-schoko-22","#a38667"
"einz-a Schoko 33","einz-a-schoko-33","#c1a482"
"einz-a Schoko 44","einz-a-schoko-44","#d2ba9b"
"einz-a Schoko 55","einz-a-schoko-55","#e2cbac"
"einz-a Schoko 66","einz-a-schoko-66","#e5d7c0"
"einz-a Schoko 77","einz-a-schoko-77","#efe5d2"
"einz-a Schoko 88","einz-a-schoko-88","#ece6d7"
"einz-a Sonne","einz-a-sonne","#f2c332"
"einz-a Sonne 11","einz-a-sonne-11","#f0c637"
"einz-a Sonne 22","einz-a-sonne-22","#f1d251"
"einz-a Sonne 33","einz-a-sonne-33","#f3df71"
"einz-a Sonne 44","einz-a-sonne-44","#f7eb93"
"einz-a Sonne 55","einz-a-sonne-55","#f2eaa8"
"einz-a Sonne 66","einz-a-sonne-66","#f4f1bf"
"einz-a Sonne 77","einz-a-sonne-77","#f0eecc"
"einz-a Sonne 88","einz-a-sonne-88","#f2f1d6"
"einz-a Torf","einz-a-torf","#695548"
"einz-a Torf 11","einz-a-torf-11","#7a6254"
"einz-a Torf 22","einz-a-torf-22","#978272"
"einz-a Torf 33","einz-a-torf-33","#bba695"
"einz-a Torf 44","einz-a-torf-44","#cbb9aa"
"einz-a Torf 55","einz-a-torf-55","#dbcbbd"
"einz-a Torf 66","einz-a-torf-66","#e5d9cc"
"einz-a Torf 77","einz-a-torf-77","#ede4d8"
"einz-a Torf 88","einz-a-torf-88","#f1eae1"
"einz-a Ziegel","einz-a-ziegel","#9a6648"
"einz-a Ziegel 11","einz-a-ziegel-11","#a37154"
"einz-a Ziegel 22","einz-a-ziegel-22","#bb8b6a"
"einz-a Ziegel 33","einz-a-ziegel-33","#d4ac89"
"einz-a Ziegel 44","einz-a-ziegel-44","#dfbf9f"
"einz-a Ziegel 55","einz-a-ziegel-55","#e7cfb5"
"einz-a Ziegel 66","einz-a-ziegel-66","#ebd9c2"
"einz-a Ziegel 77","einz-a-ziegel-77","#f4e9d5"
"einz-a Ziegel 88","einz-a-ziegel-88","#efe8d8"