"PANTONE 10101 C","10101","#d5d5d5"
"PANTONE 10102 C","10102","#c4c4c4"
"PANTONE 10103 C","10103","#b8bbbc"
"PANTONE 10104 C","10104","#acafb1"
"PANTONE 10105 C","10105","#aaadae"
"PANTONE Silver C","silver","#a6a9aa"
"PANTONE 10106 C","10106","#acab75"
"PANTONE 10107 C","10107","#aeaa63"
"PANTONE 10108 C","10108","#b0ab4f"
"PANTONE 10109 C","10109","#b3a93c"
"PANTONE 10110 C","10110","#b7ab25"
"PANTONE 10111 C","10111","#c0b000"
"PANTONE 10112 C","10112","#abaa88"
"PANTONE 10113 C","10113","#aca86f"
"PANTONE 10114 C","10114","#aea75d"
"PANTONE 10115 C","10115","#b1a549"
"PANTONE 10116 C","10116","#b6a538"
"PANTONE 10117 C","10117","#bba320"
"PANTONE 10118 C","10118","#afa46f"
"PANTONE 10119 C","10119","#b1a15c"
"PANTONE 10120 C","10120","#b79e4b"
"PANTONE 10121 C","10121","#bb9a38"
"PANTONE 10122 C","10122","#c09724"
"PANTONE 10123 C","10123","#ca9501"
"PANTONE 10124 C","10124","#aba275"
"PANTONE 10125 C","10125","#ad9d64"
"PANTONE 10126 C","10126","#ae9753"
"PANTONE 10127 C","10127","#b19143"
"PANTONE 10128 C","10128","#b58b33"
"PANTONE 10129 C","10129","#bc8523"
"PANTONE 10130 C","10130","#b39171"
"PANTONE 10131 C","10131","#b0855c"
"PANTONE 10132 C","10132","#b27e4c"
"PANTONE 10133 C","10133","#ae733c"
"PANTONE 10134 C","10134","#aa6b2d"
"PANTONE 10135 C","10135","#a76420"
"PANTONE 10136 C","10136","#ae9c8a"
"PANTONE 10137 C","10137","#af8f73"
"PANTONE 10138 C","10138","#ad845e"
"PANTONE 10139 C","10139","#aa794d"
"PANTONE 10140 C","10140","#a9713f"
"PANTONE 10141 C","10141","#a26731"
"PANTONE 10142 C","10142","#b98f6c"
"PANTONE 10143 C","10143","#bd8458"
"PANTONE 10144 C","10144","#c07b47"
"PANTONE 10145 C","10145","#c47335"
"PANTONE 10146 C","10146","#c86a25"
"PANTONE 10147 C","10147","#cd6313"
"PANTONE 10148 C","10148","#ba877a"
"PANTONE 10149 C","10149","#bd7b69"
"PANTONE 10150 C","10150","#c17058"
"PANTONE 10151 C","10151","#c26548"
"PANTONE 10152 C","10152","#c75c39"
"PANTONE 10153 C","10153","#cd5328"
"PANTONE 10154 C","10154","#b09690"
"PANTONE 10155 C","10155","#b1867c"
"PANTONE 10156 C","10156","#b2776a"
"PANTONE 10157 C","10157","#b2695b"
"PANTONE 10158 C","10158","#b35c4c"
"PANTONE 10159 C","10159","#b64f41"
"PANTONE 10160 C","10160","#bc7f90"
"PANTONE 10161 C","10161","#be7082"
"PANTONE 10162 C","10162","#be6274"
"PANTONE 10163 C","10163","#c15564"
"PANTONE 10164 C","10164","#c44d58"
"PANTONE 10165 C","10165","#c84348"
"PANTONE 10166 C","10166","#b47c93"
"PANTONE 10167 C","10167","#b66b87"
"PANTONE 10168 C","10168","#b65c7b"
"PANTONE 10169 C","10169","#b64d6f"
"PANTONE 10170 C","10170","#b83e63"
"PANTONE 10171 C","10171","#bb2d53"
"PANTONE 10172 C","10172","#a77c9c"
"PANTONE 10173 C","10173","#a76d93"
"PANTONE 10174 C","10174","#a85f8d"
"PANTONE 10175 C","10175","#a75083"
"PANTONE 10176 C","10176","#ab427a"
"PANTONE 10177 C","10177","#ae336f"
"PANTONE 10178 C","10178","#b28ca4"
"PANTONE 10179 C","10179","#b17e9c"
"PANTONE 10180 C","10180","#b37096"
"PANTONE 10181 C","10181","#b3638e"
"PANTONE 10182 C","10182","#b45486"
"PANTONE 10183 C","10183","#b8487f"
"PANTONE 10184 C","10184","#ae90a9"
"PANTONE 10185 C","10185","#b083a5"
"PANTONE 10186 C","10186","#af759f"
"PANTONE 10187 C","10187","#af699b"
"PANTONE 10188 C","10188","#b25d97"
"PANTONE 10189 C","10189","#b44e90"
"PANTONE 10190 C","10190","#9f959d"
"PANTONE 10191 C","10191","#968692"
"PANTONE 10192 C","10192","#8e7785"
"PANTONE 10193 C","10193","#846a7a"
"PANTONE 10194 C","10194","#7a5c6e"
"PANTONE 10195 C","10195","#704f61"
"PANTONE 10196 C","10196","#a590a5"
"PANTONE 10197 C","10197","#a37c9e"
"PANTONE 10198 C","10198","#a16b95"
"PANTONE 10199 C","10199","#9c5c8c"
"PANTONE 10200 C","10200","#9a4e85"
"PANTONE 10201 C","10201","#973e79"
"PANTONE 10202 C","10202","#9e7d9d"
"PANTONE 10203 C","10203","#976e96"
"PANTONE 10204 C","10204","#92608e"
"PANTONE 10205 C","10205","#8d5084"
"PANTONE 10206 C","10206","#86437b"
"PANTONE 10207 C","10207","#803671"
"PANTONE 10208 C","10208","#a48ba8"
"PANTONE 10209 C","10209","#a17ca5"
"PANTONE 10210 C","10210","#9c6e9f"
"PANTONE 10211 C","10211","#96619a"
"PANTONE 10212 C","10212","#925495"
"PANTONE 10213 C","10213","#8c458f"
"PANTONE 10214 C","10214","#917da6"
"PANTONE 10215 C","10215","#876ca1"
"PANTONE 10216 C","10216","#7c5d9c"
"PANTONE 10217 C","10217","#724e97"
"PANTONE 10218 C","10218","#663e8f"
"PANTONE 10219 C","10219","#5b2f88"
"PANTONE 10220 C","10220","#9c93aa"
"PANTONE 10221 C","10221","#9587a7"
"PANTONE 10222 C","10222","#8b7ca3"
"PANTONE 10223 C","10223","#826f9f"
"PANTONE 10224 C","10224","#7a649b"
"PANTONE 10225 C","10225","#725998"
"PANTONE 10226 C","10226","#9793ab"
"PANTONE 10227 C","10227","#8e89a9"
"PANTONE 10228 C","10228","#857ea5"
"PANTONE 10229 C","10229","#7a72a0"
"PANTONE 10230 C","10230","#6e659b"
"PANTONE 10231 C","10231","#655a99"
"PANTONE 10232 C","10232","#8482a2"
"PANTONE 10233 C","10233","#77729c"
"PANTONE 10234 C","10234","#696496"
"PANTONE 10235 C","10235","#5e568f"
"PANTONE 10236 C","10236","#514987"
"PANTONE 10237 C","10237","#554d89"
"PANTONE 10238 C","10238","#8589aa"
"PANTONE 10239 C","10239","#797da9"
"PANTONE 10240 C","10240","#6c6fa5"
"PANTONE 10241 C","10241","#5f61a0"
"PANTONE 10242 C","10242","#50529c"
"PANTONE 10243 C","10243","#454597"
"PANTONE 10244 C","10244","#6e86a9"
"PANTONE 10245 C","10245","#5a77a7"
"PANTONE 10246 C","10246","#496aa3"
"PANTONE 10247 C","10247","#385d9e"
"PANTONE 10248 C","10248","#2a4f99"
"PANTONE 10249 C","10249","#194394"
"PANTONE 10250 C","10250","#929cad"
"PANTONE 10251 C","10251","#8190aa"
"PANTONE 10252 C","10252","#6f85ab"
"PANTONE 10253 C","10253","#6079a7"
"PANTONE 10254 C","10254","#506ca5"
"PANTONE 10255 C","10255","#4260a2"
"PANTONE 10256 C","10256","#7d94ac"
"PANTONE 10257 C","10257","#6b8aab"
"PANTONE 10258 C","10258","#5a80aa"
"PANTONE 10259 C","10259","#4874a6"
"PANTONE 10260 C","10260","#386aa6"
"PANTONE 10261 C","10261","#245da3"
"PANTONE 10262 C","10262","#8a99a3"
"PANTONE 10263 C","10263","#778b99"
"PANTONE 10264 C","10264","#637f90"
"PANTONE 10265 C","10265","#527286"
"PANTONE 10266 C","10266","#43667d"
"PANTONE 10267 C","10267","#355a71"
"PANTONE 10268 C","10268","#7499b0"
"PANTONE 10269 C","10269","#5c90ad"
"PANTONE 10270 C","10270","#4787ac"
"PANTONE 10271 C","10271","#2b7eaa"
"PANTONE 10272 C","10272","#0075aa"
"PANTONE 10273 C","10273","#006cab"
"PANTONE 10274 C","10274","#719ead"
"PANTONE 10275 C","10275","#5c99af"
"PANTONE 10276 C","10276","#4094ae"
"PANTONE 10277 C","10277","#108eaf"
"PANTONE 10278 C","10278","#0088af"
"PANTONE 10279 C","10279","#0082b2"
"PANTONE 10280 C","10280","#7c9ea5"
"PANTONE 10281 C","10281","#6898a1"
"PANTONE 10282 C","10282","#4f909b"
"PANTONE 10283 C","10283","#388895"
"PANTONE 10284 C","10284","#14808f"
"PANTONE 10285 C","10285","#00788b"
"PANTONE 10286 C","10286","#7aa4a8"
"PANTONE 10287 C","10287","#64a0a7"
"PANTONE 10288 C","10288","#479ba3"
"PANTONE 10289 C","10289","#2197a0"
"PANTONE 10290 C","10290","#00939d"
"PANTONE 10291 C","10291","#008f98"
"PANTONE 10292 C","10292","#7da9a5"
"PANTONE 10293 C","10293","#69a69f"
"PANTONE 10294 C","10294","#52a49a"
"PANTONE 10295 C","10295","#35a195"
"PANTONE 10296 C","10296","#009e8f"
"PANTONE 10297 C","10297","#009d89"
"PANTONE 10298 C","10298","#85a28a"
"PANTONE 10299 C","10299","#769d7c"
"PANTONE 10300 C","10300","#679970"
"PANTONE 10301 C","10301","#539464"
"PANTONE 10302 C","10302","#419058"
"PANTONE 10303 C","10303","#1f8b4c"
"PANTONE 10304 C","10304","#8da584"
"PANTONE 10305 C","10305","#80a175"
"PANTONE 10306 C","10306","#729c67"
"PANTONE 10307 C","10307","#63985a"
"PANTONE 10308 C","10308","#55944e"
"PANTONE 10309 C","10309","#409040"
"PANTONE 10310 C","10310","#97a094"
"PANTONE 10311 C","10311","#879683"
"PANTONE 10312 C","10312","#7b8c76"
"PANTONE 10313 C","10313","#6d8267"
"PANTONE 10314 C","10314","#5f785b"
"PANTONE 10315 C","10315","#536e4f"
"PANTONE 10316 C","10316","#95aa80"
"PANTONE 10317 C","10317","#8ba86f"
"PANTONE 10318 C","10318","#83a660"
"PANTONE 10319 C","10319","#78a551"
"PANTONE 10320 C","10320","#6aa543"
"PANTONE 10321 C","10321","#5aa432"
"PANTONE 10322 C","10322","#a3aa76"
"PANTONE 10323 C","10323","#9ea964"
"PANTONE 10324 C","10324","#9aa953"
"PANTONE 10325 C","10325","#94a741"
"PANTONE 10326 C","10326","#90a92f"
"PANTONE 10327 C","10327","#8aaa19"
"PANTONE 10328 C","10328","#959e7b"
"PANTONE 10329 C","10329","#8c976b"
"PANTONE 10330 C","10330","#838e5b"
"PANTONE 10331 C","10331","#78874e"
"PANTONE 10332 C","10332","#6e7f41"
"PANTONE 10333 C","10333","#637536"
"PANTONE 10334 C","10334","#9b9882"
"PANTONE 10335 C","10335","#949073"
"PANTONE 10336 C","10336","#8c8864"
"PANTONE 10337 C","10337","#837e55"
"PANTONE 10338 C","10338","#787548"
"PANTONE 10339 C","10339","#6e6a39"
"PANTONE 10340 C","10340","#a1977f"
"PANTONE 10341 C","10341","#9a8d6d"
"PANTONE 10342 C","10342","#93855e"
"PANTONE 10343 C","10343","#8b7a4e"
"PANTONE 10344 C","10344","#837142"
"PANTONE 10345 C","10345","#796833"
"PANTONE 10346 C","10346","#a5957d"
"PANTONE 10347 C","10347","#a18c6b"
"PANTONE 10348 C","10348","#9b845c"
"PANTONE 10349 C","10349","#967c50"
"PANTONE 10350 C","10350","#8f7242"
"PANTONE 10351 C","10351","#876b35"
"PANTONE 10352 C","10352","#a99e8e"
"PANTONE 10353 C","10353","#a7957a"
"PANTONE 10354 C","10354","#a38a66"
"PANTONE 10355 C","10355","#9e8055"
"PANTONE 10356 C","10356","#9a7847"
"PANTONE 10357 C","10357","#926e39"
"PANTONE 10358 C","10358","#a29179"
"PANTONE 10359 C","10359","#9e8668"
"PANTONE 10360 C","10360","#987b59"
"PANTONE 10361 C","10361","#90704a"
"PANTONE 10362 C","10362","#87663e"
"PANTONE 10363 C","10363","#7d5b30"
"PANTONE 10364 C","10364","#ab9887"
"PANTONE 10365 C","10365","#a98a70"
"PANTONE 10366 C","10366","#a27c5b"
"PANTONE 10367 C","10367","#9d704d"
"PANTONE 10368 C","10368","#95653e"
"PANTONE 10369 C","10369","#8e5a32"
"PANTONE 10370 C","10370","#a1988f"
"PANTONE 10371 C","10371","#998a7b"
"PANTONE 10372 C","10372","#917c6a"
"PANTONE 10373 C","10373","#866f5a"
"PANTONE 10374 C","10374","#7b624d"
"PANTONE 10375 C","10375","#715741"
"PANTONE 10376 C","10376","#958b82"
"PANTONE 10377 C","10377","#8d7d73"
"PANTONE 10378 C","10378","#827065"
"PANTONE 10379 C","10379","#796458"
"PANTONE 10380 C","10380","#6d594c"
"PANTONE 10381 C","10381","#604c3d"
"PANTONE 10382 C","10382","#959093"
"PANTONE 10383 C","10383","#857e7f"
"PANTONE 10384 C","10384","#766d70"
"PANTONE 10385 C","10385","#685d60"
"PANTONE 10386 C","10386","#5b5053"
"PANTONE 10387 C","10387","#4e4345"
"PANTONE 10388 C","10388","#8b8f94"
"PANTONE 10389 C","10389","#7c8084"
"PANTONE 10390 C","10390","#6a7175"
"PANTONE 10391 C","10391","#5a6167"
"PANTONE 10392 C","10392","#4d5459"
"PANTONE 10393 C","10393","#40464b"
"PANTONE 10394 C","10394","#7e7b78"
"PANTONE 10395 C","10395","#6f6c69"
"PANTONE 10396 C","10396","#5f5c59"
"PANTONE 10397 C","10397","#504d4a"
"PANTONE 10398 C","10398","#43403e"
"PANTONE 10399 C","10399","#373432"