"PANTONE Yellow C","yellow","#ffde00"
"PANTONE Yellow 012 C","yellow-012","#ffd700"
"PANTONE Orange 021 C","orange-021","#ff5200"
"PANTONE Warm Red C","warm-red","#ff4539"
"PANTONE Red 032 C","red-032","#f63440"
"PANTONE Rubine Red C","rubine-red","#d50058"
"PANTONE Rhodamine Red C","rhodamine-red","#e60896"
"PANTONE Purple C","purple","#c129b9"
"PANTONE Violet C","violet","#410099"
"PANTONE Blue 072 C","blue-072","#000f9f"
"PANTONE Reflex Blue C","reflex-blue","#001689"
"PANTONE Process Blue C","process-blue","#0082ca"
"PANTONE Green C","green","#00a888"
"PANTONE Black C","black","#2d2a26"
"PANTONE Yellow 0131 C","yellow-0131","#f4f0a2"
"PANTONE Red 0331 C","red-0331","#feafbc"
"PANTONE Magenta 0521 C","magenta-0521","#f4b3dc"
"PANTONE Violet 0631 C","violet-0631","#c19bdf"
"PANTONE Blue 0821 C","blue-0821","#70d0ec"
"PANTONE Green 0921 C","green-0921","#9ae7d9"
"PANTONE Black 0961 C","black-0961","#9f968d"
"PANTONE 801 C","801","#0098ce"
"PANTONE 802 C","802","#3ad531"
"PANTONE 803 C","803","#ffe900"
"PANTONE 804 C","804","#ffac4e"
"PANTONE 805 C","805","#ff7376"
"PANTONE 806 C","806","#ff41b4"
"PANTONE 807 C","807","#f02bc2"
"PANTONE 871 C","871","#857650"
"PANTONE 872 C","872","#87714d"
"PANTONE 873 C","873","#886e4c"
"PANTONE 874 C","874","#8c704f"
"PANTONE 875 C","875","#88674f"
"PANTONE 876 C","876","#8d644b"
"PANTONE 877 C","877","#8a8d8e"
"PANTONE Medium Yellow C","medium-yellow","#ffda00"
"PANTONE Bright Orange C","bright-orange","#ff6000"
"PANTONE Bright Red C","bright-red","#ff3c1f"
"PANTONE Strong Red C","strong-red","#d40054"
"PANTONE Pink C","pink","#dc2697"
"PANTONE Medium Purple C","medium-purple","#4d008c"
"PANTONE Dark Blue C","dark-blue","#00269a"
"PANTONE Medium Blue C","medium-blue","#0082cc"
"PANTONE Bright Green C","bright-green","#00ae8e"
"PANTONE Neutral Black C","neutral-black","#222222"
"PANTONE 100 C","100","#f7eb62"
"PANTONE 101 C","101","#f8ea49"
"PANTONE 102 C","102","#fde300"
"PANTONE Yellow C","yellow","#ffde00"
"PANTONE 103 C","103","#c6aa00"
"PANTONE 104 C","104","#b19800"
"PANTONE 105 C","105","#8a7b29"
"PANTONE 7401 C","7401","#f7e0a5"
"PANTONE 7402 C","7402","#edd899"
"PANTONE 7403 C","7403","#f1d384"
"PANTONE 7404 C","7404","#f6da40"
"PANTONE 7405 C","7405","#f3ce00"
"PANTONE 7406 C","7406","#f4c400"
"PANTONE 7407 C","7407","#cda053"
"PANTONE 106 C","106","#fbe446"
"PANTONE 107 C","107","#fee122"
"PANTONE 108 C","108","#ffdb00"
"PANTONE 109 C","109","#ffd200"
"PANTONE 110 C","110","#dbaa00"
"PANTONE 111 C","111","#ab8a00"
"PANTONE 112 C","112","#9d8412"
"PANTONE 113 C","113","#fde052"
"PANTONE 114 C","114","#fddd3f"
"PANTONE 115 C","115","#ffda27"
"PANTONE 116 C","116","#ffce00"
"PANTONE 117 C","117","#cc9800"
"PANTONE 118 C","118","#ae8400"
"PANTONE 119 C","119","#8a7422"
"PANTONE 127 C","127","#f5dc6d"
"PANTONE 128 C","128","#f7d54e"
"PANTONE 129 C","129","#f6cf3e"
"PANTONE 130 C","130","#f6a800"
"PANTONE 131 C","131","#d08a00"
"PANTONE 132 C","132","#a37400"
"PANTONE 133 C","133","#6e571d"
"PANTONE 1205 C","1205","#f9e08e"
"PANTONE 1215 C","1215","#fdd773"
"PANTONE 1225 C","1225","#ffc845"
"PANTONE 1235 C","1235","#ffb81d"
"PANTONE 1245 C","1245","#c99211"
"PANTONE 1255 C","1255","#af8520"
"PANTONE 1265 C","1265","#8a6b26"
"PANTONE 120 C","120","#fedb65"
"PANTONE 121 C","121","#fed857"
"PANTONE 122 C","122","#ffd141"
"PANTONE 123 C","123","#ffc72a"
"PANTONE 124 C","124","#ecaa00"
"PANTONE 125 C","125","#b78500"
"PANTONE 126 C","126","#9d770f"
"PANTONE 7548 C","7548","#ffc700"
"PANTONE 7549 C","7549","#ffb700"
"PANTONE 7550 C","7550","#d39100"
"PANTONE 7551 C","7551","#b57f00"
"PANTONE 7552 C","7552","#75541d"
"PANTONE 7553 C","7553","#5b4622"
"PANTONE 7554 C","7554","#4b3d2b"
"PANTONE 7555 C","7555","#d39f0f"
"PANTONE 7556 C","7556","#b78c1f"
"PANTONE 7557 C","7557","#a17d23"
"PANTONE 7558 C","7558","#977125"
"PANTONE 7559 C","7559","#906a29"
"PANTONE 7560 C","7560","#7f632e"
"PANTONE 7561 C","7561","#6c5d36"
"PANTONE 134 C","134","#ffd26e"
"PANTONE 135 C","135","#ffc658"
"PANTONE 136 C","136","#ffbf3d"
"PANTONE 137 C","137","#ffa500"
"PANTONE 138 C","138","#e17d00"
"PANTONE 139 C","139","#b26e04"
"PANTONE 140 C","140","#75541b"
"PANTONE 1345 C","1345","#fed086"
"PANTONE 1355 C","1355","#ffc66e"
"PANTONE 1365 C","1365","#ffb648"
"PANTONE 1375 C","1375","#ff9f19"
"PANTONE 1385 C","1385","#d87900"
"PANTONE 1395 C","1395","#9c6018"
"PANTONE 1405 C","1405","#704c1d"
"PANTONE 141 C","141","#f5c65d"
"PANTONE 142 C","142","#f4be49"
"PANTONE 143 C","143","#f6b436"
"PANTONE 144 C","144","#f28b00"
"PANTONE 145 C","145","#d57f00"
"PANTONE 146 C","146","#ab6c11"
"PANTONE 147 C","147","#725c29"
"PANTONE 7408 C","7408","#f8bf00"
"PANTONE 7409 C","7409","#f5b324"
"PANTONE 7410 C","7410","#ffaf77"
"PANTONE 7411 C","7411","#eba65e"
"PANTONE 7412 C","7412","#d58332"
"PANTONE 7413 C","7413","#e18533"
"PANTONE 7414 C","7414","#c36d16"
"PANTONE 7562 C","7562","#be9b60"
"PANTONE 7563 C","7563","#d89b2b"
"PANTONE 7564 C","7564","#de8b05"
"PANTONE 7565 C","7565","#cf7b23"
"PANTONE 7566 C","7566","#b06533"
"PANTONE 7567 C","7567","#8b542f"
"PANTONE 7568 C","7568","#795136"
"PANTONE 7569 C","7569","#db8925"
"PANTONE 7570 C","7570","#d7842c"
"PANTONE 7571 C","7571","#ca7d32"
"PANTONE 7572 C","7572","#ba7233"
"PANTONE 7573 C","7573","#a9662b"
"PANTONE 7574 C","7574","#a16a38"
"PANTONE 7575 C","7575","#845d32"
"PANTONE 712 C","712","#fec99b"
"PANTONE 713 C","713","#ffbf86"
"PANTONE 714 C","714","#ffaa62"
"PANTONE 715 C","715","#f98e2b"
"PANTONE 716 C","716","#ed7800"
"PANTONE 717 C","717","#d65f00"
"PANTONE 718 C","718","#c14e00"
"PANTONE 148 C","148","#ffcc8c"
"PANTONE 149 C","149","#ffc37b"
"PANTONE 150 C","150","#ffb35a"
"PANTONE 151 C","151","#ff8400"
"PANTONE 152 C","152","#e97300"
"PANTONE 153 C","153","#c16b13"
"PANTONE 154 C","154","#9d5a18"
"PANTONE 155 C","155","#f2d1a0"
"PANTONE 156 C","156","#f2bd7d"
"PANTONE 157 C","157","#f1a055"
"PANTONE 158 C","158","#ee7624"
"PANTONE 159 C","159","#d25f15"
"PANTONE 160 C","160","#a5551c"
"PANTONE 161 C","161","#633d21"
"PANTONE 1485 C","1485","#ffae60"
"PANTONE 1495 C","1495","#ff9016"
"PANTONE 1505 C","1505","#ff6c00"
"PANTONE Orange 021 C","orange-021","#ff5200"
"PANTONE 1525 C","1525","#bc4800"
"PANTONE 1535 C","1535","#96460a"
"PANTONE 1545 C","1545","#673918"
"PANTONE 1555 C","1555","#ffba8f"
"PANTONE 1565 C","1565","#ffa269"
"PANTONE 1575 C","1575","#ff8030"
"PANTONE 1585 C","1585","#ff6d0f"
"PANTONE 1595 C","1595","#dc6016"
"PANTONE 1605 C","1605","#a85623"
"PANTONE 1615 C","1615","#8e4820"
"PANTONE 162 C","162","#ffbf9f"
"PANTONE 163 C","163","#ff9e6d"
"PANTONE 164 C","164","#ff8041"
"PANTONE 165 C","165","#ff681d"
"PANTONE 166 C","166","#e65400"
"PANTONE 167 C","167","#c1531b"
"PANTONE 168 C","168","#75391c"
"PANTONE 7576 C","7576","#e08650"
"PANTONE 7577 C","7577","#e57e3e"
"PANTONE 7578 C","7578","#e06b2f"
"PANTONE 7579 C","7579","#e0592b"
"PANTONE 7580 C","7580","#c35131"
"PANTONE 7581 C","7581","#894934"
"PANTONE 7582 C","7582","#694735"
"PANTONE 1625 C","1625","#ffa489"
"PANTONE 1635 C","1635","#ff8e6c"
"PANTONE 1645 C","1645","#ff6d37"
"PANTONE 1655 C","1655","#ff4e00"
"PANTONE 1665 C","1665","#e14504"
"PANTONE 1675 C","1675","#ac451e"
"PANTONE 1685 C","1685","#863a20"
"PANTONE 169 C","169","#ffb5ab"
"PANTONE 170 C","170","#ff8772"
"PANTONE 171 C","171","#ff5c36"
"PANTONE 172 C","172","#ff4814"
"PANTONE 173 C","173","#d3461e"
"PANTONE 174 C","174","#993921"
"PANTONE 175 C","175","#6d3628"
"PANTONE 7583 C","7583","#c9612d"
"PANTONE 7584 C","7584","#c05727"
"PANTONE 7585 C","7585","#b45b38"
"PANTONE 7586 C","7586","#a25231"
"PANTONE 7587 C","7587","#954b2e"
"PANTONE 7588 C","7588","#7e4c37"
"PANTONE 7589 C","7589","#5e4638"
"PANTONE 7590 C","7590","#d6b59f"
"PANTONE 7591 C","7591","#c57d5a"
"PANTONE 7592 C","7592","#b65434"
"PANTONE 7593 C","7593","#a2412b"
"PANTONE 7594 C","7594","#7f3a2d"
"PANTONE 7595 C","7595","#6e3d30"
"PANTONE 7596 C","7596","#5e3d32"
"PANTONE 7597 C","7597","#d64123"
"PANTONE 7598 C","7598","#c24729"
"PANTONE 7599 C","7599","#b73e25"
"PANTONE 7600 C","7600","#903f2c"
"PANTONE 7601 C","7601","#85422c"
"PANTONE 7602 C","7602","#7d4a32"
"PANTONE 7603 C","7603","#694230"
"PANTONE 7604 C","7604","#e6d5d4"
"PANTONE 7605 C","7605","#e4bab4"
"PANTONE 7606 C","7606","#db918a"
"PANTONE 7607 C","7607","#c86d62"
"PANTONE 7608 C","7608","#a9483e"
"PANTONE 7609 C","7609","#873a35"
"PANTONE 7610 C","7610","#6b3332"
"PANTONE 7611 C","7611","#e0bcb0"
"PANTONE 7612 C","7612","#cc9a8e"
"PANTONE 7613 C","7613","#bf897f"
"PANTONE 7614 C","7614","#a57f74"
"PANTONE 7615 C","7615","#896761"
"PANTONE 7616 C","7616","#6d4c4c"
"PANTONE 7617 C","7617","#593d3d"
"PANTONE 7520 C","7520","#ecbfb0"
"PANTONE 7521 C","7521","#c49b83"
"PANTONE 7522 C","7522","#b96a55"
"PANTONE 7523 C","7523","#ae5d57"
"PANTONE 7524 C","7524","#a85348"
"PANTONE 7525 C","7525","#9e6950"
"PANTONE 7526 C","7526","#8c3b1a"
"PANTONE 489 C","489","#f0c2b3"
"PANTONE 488 C","488","#f0b9aa"
"PANTONE 487 C","487","#f0a794"
"PANTONE 486 C","486","#ef907c"
"PANTONE 485 C","485","#e1261c"
"PANTONE 484 C","484","#9f3224"
"PANTONE 483 C","483","#683025"
"PANTONE 176 C","176","#ffb2b9"
"PANTONE 177 C","177","#ff828a"
"PANTONE 178 C","178","#ff5a5a"
"PANTONE Warm Red C","warm-red","#ff4539"
"PANTONE 179 C","179","#e53e30"
"PANTONE 180 C","180","#c33c33"
"PANTONE 181 C","181","#84332e"
"PANTONE 1765 C","1765","#ffa5b5"
"PANTONE 1775 C","1775","#ff8fa0"
"PANTONE 1785 C","1785","#fe4a5d"
"PANTONE 1788 C","1788","#f32836"
"PANTONE 1795 C","1795","#d8292f"
"PANTONE 1805 C","1805","#b2292e"
"PANTONE 1815 C","1815","#802629"
"PANTONE 1767 C","1767","#ffb0c0"
"PANTONE 1777 C","1777","#ff647e"
"PANTONE 1787 C","1787","#fa364a"
"PANTONE Red 032 C","red-032","#f63440"
"PANTONE 1797 C","1797","#d0343a"
"PANTONE 1807 C","1807","#a8353a"
"PANTONE 1817 C","1817","#663334"
"PANTONE 7618 C","7618","#cb6d4f"
"PANTONE 7619 C","7619","#c64c38"
"PANTONE 7620 C","7620","#bd302c"
"PANTONE 7621 C","7621","#b12029"
"PANTONE 7622 C","7622","#97272c"
"PANTONE 7623 C","7623","#8f2a2b"
"PANTONE 7624 C","7624","#852e2c"
"PANTONE 7625 C","7625","#e8503e"
"PANTONE 7626 C","7626","#cb3725"
"PANTONE 7627 C","7627","#aa2d2a"
"PANTONE 7628 C","7628","#a22b2a"
"PANTONE 7629 C","7629","#6f3332"
"PANTONE 7630 C","7630","#653231"
"PANTONE 7631 C","7631","#592e2d"
"PANTONE 7415 C","7415","#e9b9a7"
"PANTONE 7416 C","7416","#ea6953"
"PANTONE 7417 C","7417","#e74c39"
"PANTONE 7418 C","7418","#d1555a"
"PANTONE 7419 C","7419","#b24c5a"
"PANTONE 7420 C","7420","#9f2241"
"PANTONE 7421 C","7421","#691c33"
"PANTONE 182 C","182","#febccb"
"PANTONE 183 C","183","#ff9cb2"
"PANTONE 184 C","184","#fc5474"
"PANTONE 185 C","185","#ea002a"
"PANTONE 186 C","186","#cf0f2d"
"PANTONE 187 C","187","#ab192d"
"PANTONE 188 C","188","#79242f"
"PANTONE 196 C","196","#eec7ce"
"PANTONE 197 C","197","#ed9cad"
"PANTONE 198 C","198","#e64461"
"PANTONE 199 C","199","#dc0032"
"PANTONE 200 C","200","#c20430"
"PANTONE 201 C","201","#a32136"
"PANTONE 202 C","202","#8a2432"
"PANTONE 189 C","189","#fda4bc"
"PANTONE 190 C","190","#fa7699"
"PANTONE 191 C","191","#f4436d"
"PANTONE 192 C","192","#eb0045"
"PANTONE 193 C","193","#c50e3c"
"PANTONE 194 C","194","#9f2943"
"PANTONE 195 C","195","#7b303f"
"PANTONE 1895 C","1895","#f8b6cd"
"PANTONE 1905 C","1905","#f99bbb"
"PANTONE 1915 C","1915","#f54d80"
"PANTONE 1925 C","1925","#e8004c"
"PANTONE 1935 C","1935","#cb003d"
"PANTONE 1945 C","1945","#ac0b3d"
"PANTONE 1955 C","1955","#8e1537"
"PANTONE 705 C","705","#f7dbe0"
"PANTONE 706 C","706","#f7ced8"
"PANTONE 707 C","707","#fab6c4"
"PANTONE 708 C","708","#fc92a4"
"PANTONE 709 C","709","#f36279"
"PANTONE 710 C","710","#e63f52"
"PANTONE 711 C","711","#d02c30"
"PANTONE 698 C","698","#f5d4d7"
"PANTONE 699 C","699","#f6c3cb"
"PANTONE 700 C","700","#f6adb9"
"PANTONE 701 C","701","#e98698"
"PANTONE 702 C","702","#d75d73"
"PANTONE 703 C","703","#bd3c4b"
"PANTONE 704 C","704","#a12b2f"
"PANTONE 203 C","203","#efb3cb"
"PANTONE 204 C","204","#eb81a9"
"PANTONE 205 C","205","#e6437b"
"PANTONE 206 C","206","#d60037"
"PANTONE 207 C","207","#ab0033"
"PANTONE 208 C","208","#8b1e41"
"PANTONE 209 C","209","#72253d"
"PANTONE 210 C","210","#fca0c9"
"PANTONE 211 C","211","#fa7fb6"
"PANTONE 212 C","212","#f55197"
"PANTONE 213 C","213","#e92076"
"PANTONE 214 C","214","#d41568"
"PANTONE 215 C","215","#af1857"
"PANTONE 216 C","216","#7f2346"
"PANTONE 7422 C","7422","#f5ced5"
"PANTONE 7423 C","7423","#e46486"
"PANTONE 7424 C","7424","#e64784"
"PANTONE 7425 C","7425","#ba2454"
"PANTONE 7426 C","7426","#a8123e"
"PANTONE 7427 C","7427","#9c182f"
"PANTONE 7428 C","7428","#6d2b3d"
"PANTONE 7632 C","7632","#d7cacb"
"PANTONE 7633 C","7633","#c7a4a8"
"PANTONE 7634 C","7634","#c66784"
"PANTONE 7635 C","7635","#cd3363"
"PANTONE 7636 C","7636","#c41d4a"
"PANTONE 7637 C","7637","#952e46"
"PANTONE 7638 C","7638","#832c41"
"PANTONE 217 C","217","#eebedc"
"PANTONE 218 C","218","#ea6cb0"
"PANTONE 219 C","219","#e01783"
"PANTONE Rubine Red C","rubine-red","#d50058"
"PANTONE 220 C","220","#aa0050"
"PANTONE 221 C","221","#960048"
"PANTONE 222 C","222","#6f1d46"
"PANTONE 7639 C","7639","#946d73"
"PANTONE 7640 C","7640","#973f54"
"PANTONE 7641 C","7641","#922c49"
"PANTONE 7642 C","7642","#752e4a"
"PANTONE 7643 C","7643","#692d44"
"PANTONE 7644 C","7644","#5a2d3f"
"PANTONE 7645 C","7645","#522b39"
"PANTONE 223 C","223","#f196ce"
"PANTONE 224 C","224","#ef70bc"
"PANTONE 225 C","225","#e41e93"
"PANTONE 226 C","226","#d6006e"
"PANTONE 227 C","227","#af0061"
"PANTONE 228 C","228","#8d0e57"
"PANTONE 229 C","229","#682145"
"PANTONE 230 C","230","#f6a7d7"
"PANTONE 231 C","231","#f578c5"
"PANTONE 232 C","232","#ee41aa"
"PANTONE Rhodamine Red C","rhodamine-red","#e60896"
"PANTONE 233 C","233","#cb007c"
"PANTONE 234 C","234","#a60064"
"PANTONE 235 C","235","#871054"
"PANTONE 670 C","670","#edd3e2"
"PANTONE 671 C","671","#e8bcd8"
"PANTONE 672 C","672","#e2a0c9"
"PANTONE 673 C","673","#de86bb"
"PANTONE 674 C","674","#cc569a"
"PANTONE 675 C","675","#b42573"
"PANTONE 676 C","676","#9a0050"
"PANTONE 677 C","677","#e7cedd"
"PANTONE 678 C","678","#e6c8d8"
"PANTONE 679 C","679","#e0bed3"
"PANTONE 680 C","680","#cc95b5"
"PANTONE 681 C","681","#b46b95"
"PANTONE 682 C","682","#9d4878"
"PANTONE 683 C","683","#7f2855"
"PANTONE 684 C","684","#e4c6d4"
"PANTONE 685 C","685","#deb6c9"
"PANTONE 686 C","686","#d3a0b9"
"PANTONE 687 C","687","#c085a4"
"PANTONE 688 C","688","#aa6489"
"PANTONE 689 C","689","#8c3c67"
"PANTONE 690 C","690","#642340"
"PANTONE 510 C","510","#ecbfca"
"PANTONE 509 C","509","#ebb4c4"
"PANTONE 508 C","508","#e5aaba"
"PANTONE 507 C","507","#d792a9"
"PANTONE 506 C","506","#87364e"
"PANTONE 505 C","505","#702e3e"
"PANTONE 504 C","504","#572a32"
"PANTONE 7429 C","7429","#e4bbcb"
"PANTONE 7430 C","7430","#dfa9bf"
"PANTONE 7431 C","7431","#cd7f9e"
"PANTONE 7432 C","7432","#bb5c81"
"PANTONE 7433 C","7433","#ac3a64"
"PANTONE 7434 C","7434","#9f3259"
"PANTONE 7435 C","7435","#8a264f"
"PANTONE 691 C","691","#ebcdcf"
"PANTONE 692 C","692","#e6bfc4"
"PANTONE 693 C","693","#dba3ac"
"PANTONE 694 C","694","#c78590"
"PANTONE 695 C","695","#b76c7a"
"PANTONE 696 C","696","#9a4856"
"PANTONE 697 C","697","#8c3c45"
"PANTONE 496 C","496","#f3c7cf"
"PANTONE 495 C","495","#f3bec7"
"PANTONE 494 C","494","#eba3b1"
"PANTONE 493 C","493","#dd8898"
"PANTONE 492 C","492","#933336"
"PANTONE 491 C","491","#813234"
"PANTONE 490 C","490","#5e2a2b"
"PANTONE 503 C","503","#eac5c7"
"PANTONE 502 C","502","#e5bcc2"
"PANTONE 501 C","501","#dca6ac"
"PANTONE 500 C","500","#c7878e"
"PANTONE 499 C","499","#7a4039"
"PANTONE 498 C","498","#6a3934"
"PANTONE 497 C","497","#52312d"
"PANTONE 5035 C","5035","#e0c2c3"
"PANTONE 5025 C","5025","#dcb8bc"
"PANTONE 5015 C","5015","#cda2a6"
"PANTONE 5005 C","5005","#b17c81"
"PANTONE 4995 C","4995","#9c6268"
"PANTONE 4985 C","4985","#894c53"
"PANTONE 4975 C","4975","#402020"
"PANTONE 236 C","236","#f3a9dd"
"PANTONE 237 C","237","#f087cf"
"PANTONE 238 C","238","#e95fbe"
"PANTONE 239 C","239","#e040af"
"PANTONE 240 C","240","#ca2d9a"
"PANTONE 241 C","241","#b41a83"
"PANTONE 242 C","242","#83245f"
"PANTONE 2365 C","2365","#f2bae0"
"PANTONE 2375 C","2375","#e678cc"
"PANTONE 2385 C","2385","#d93cb4"
"PANTONE 2395 C","2395","#cf009f"
"PANTONE 2405 C","2405","#b4008e"
"PANTONE 2415 C","2415","#a2007d"
"PANTONE 2425 C","2425","#870064"
"PANTONE 243 C","243","#eeb8e4"
"PANTONE 244 C","244","#e89cdb"
"PANTONE 245 C","245","#e280d2"
"PANTONE 246 C","246","#cc28b0"
"PANTONE 247 C","247","#c018a2"
"PANTONE 248 C","248","#a91c8e"
"PANTONE 249 C","249","#84286b"
"PANTONE 7646 C","7646","#a96e87"
"PANTONE 7647 C","7647","#ac3c73"
"PANTONE 7648 C","7648","#9d1e65"
"PANTONE 7649 C","7649","#8e1b61"
"PANTONE 7650 C","7650","#762257"
"PANTONE 7651 C","7651","#6d2a5c"
"PANTONE 7652 C","7652","#612751"
"PANTONE 250 C","250","#e9bae5"
"PANTONE 251 C","251","#e09ce0"
"PANTONE 252 C","252","#d064ce"
"PANTONE Purple C","purple","#c129b9"
"PANTONE 253 C","253","#b21dac"
"PANTONE 254 C","254","#9e1d97"
"PANTONE 255 C","255","#76236d"
"PANTONE 517 C","517","#edc6df"
"PANTONE 516 C","516","#e8bfdc"
"PANTONE 515 C","515","#e3add7"
"PANTONE 514 C","514","#d58cc8"
"PANTONE 513 C","513","#94368d"
"PANTONE 512 C","512","#853376"
"PANTONE 511 C","511","#622d50"
"PANTONE 7436 C","7436","#f1daeb"
"PANTONE 7437 C","7437","#ceadd0"
"PANTONE 7438 C","7438","#d79ed8"
"PANTONE 7439 C","7439","#b588b9"
"PANTONE 7440 C","7440","#a677a6"
"PANTONE 7441 C","7441","#a15dc0"
"PANTONE 7442 C","7442","#993dbc"
"PANTONE 2562 C","2562","#daa9e3"
"PANTONE 2572 C","2572","#cb8bdb"
"PANTONE 2582 C","2582","#b150c5"
"PANTONE 2592 C","2592","#9e28b5"
"PANTONE 2602 C","2602","#8a1a9c"
"PANTONE 2612 C","2612","#7b2682"
"PANTONE 2622 C","2622","#673165"
"PANTONE 7653 C","7653","#978794"
"PANTONE 7654 C","7654","#a5779b"
"PANTONE 7655 C","7655","#a45b96"
"PANTONE 7656 C","7656","#923a80"
"PANTONE 7657 C","7657","#702c63"
"PANTONE 7658 C","7658","#6c345f"
"PANTONE 7659 C","7659","#5e3654"
"PANTONE 524 C","524","#d6c3d8"
"PANTONE 523 C","523","#ccb1d0"
"PANTONE 522 C","522","#bc9cc6"
"PANTONE 521 C","521","#a77fb2"
"PANTONE 520 C","520","#652f6c"
"PANTONE 519 C","519","#5b325f"
"PANTONE 518 C","518","#4c2f48"
"PANTONE 5245 C","5245","#dcced3"
"PANTONE 5235 C","5235","#d1bec7"
"PANTONE 5225 C","5225","#c7b0bc"
"PANTONE 5215 C","5215","#af96a6"
"PANTONE 5205 C","5205","#876479"
"PANTONE 5195 C","5195","#674559"
"PANTONE 5185 C","5185","#4c3041"
"PANTONE 5175 C","5175","#dac7d0"
"PANTONE 5165 C","5165","#d4c0cd"
"PANTONE 5155 C","5155","#c1a5b8"
"PANTONE 5145 C","5145","#9d7793"
"PANTONE 5135 C","5135","#805475"
"PANTONE 5125 C","5125","#6c3b5e"
"PANTONE 5115 C","5115","#532a45"
"PANTONE 531 C","531","#e1c8e7"
"PANTONE 530 C","530","#dab8e3"
"PANTONE 529 C","529","#cda2dd"
"PANTONE 528 C","528","#b981d1"
"PANTONE 527 C","527","#8332a7"
"PANTONE 526 C","526","#73308b"
"PANTONE 525 C","525","#582c5f"
"PANTONE 256 C","256","#d9bedd"
"PANTONE 257 C","257","#c8a1cf"
"PANTONE 258 C","258","#8f489a"
"PANTONE 259 C","259","#702277"
"PANTONE 260 C","260","#672767"
"PANTONE 261 C","261","#5f295f"
"PANTONE 262 C","262","#53284f"
"PANTONE 2563 C","2563","#cda3d8"
"PANTONE 2573 C","2573","#bc84ca"
"PANTONE 2583 C","2583","#a25eb5"
"PANTONE 2593 C","2593","#86339a"
"PANTONE 2603 C","2603","#722382"
"PANTONE 2613 C","2613","#6a1f75"
"PANTONE 2623 C","2623","#612166"
"PANTONE 7660 C","7660","#9b90a4"
"PANTONE 7661 C","7661","#906d96"
"PANTONE 7662 C","7662","#7d4182"
"PANTONE 7663 C","7663","#6c3176"
"PANTONE 7664 C","7664","#673278"
"PANTONE 7665 C","7665","#61376f"
"PANTONE 7666 C","7666","#5d4e63"
"PANTONE 2567 C","2567","#c3a0d9"
"PANTONE 2577 C","2577","#a97cca"
"PANTONE 2587 C","2587","#8448ad"
"PANTONE 2597 C","2597","#5c0f8c"
"PANTONE 2607 C","2607","#510c76"
"PANTONE 2617 C","2617","#490e67"
"PANTONE 2627 C","2627","#3d1152"
"PANTONE 263 C","263","#d9c5e6"
"PANTONE 264 C","264","#c3a7e2"
"PANTONE 265 C","265","#9264cd"
"PANTONE 266 C","266","#773dbe"
"PANTONE 267 C","267","#61279e"
"PANTONE 268 C","268","#592c82"
"PANTONE 269 C","269","#522d6d"
"PANTONE 2635 C","2635","#c6b4e3"
"PANTONE 2645 C","2645","#af96db"
"PANTONE 2655 C","2655","#9579d3"
"PANTONE 2665 C","2665","#7e57c6"
"PANTONE Violet C","violet","#410099"
"PANTONE 2685 C","2685","#31006f"
"PANTONE 2695 C","2695","#2e1a46"
"PANTONE 270 C","270","#b5b4e0"
"PANTONE 271 C","271","#9695d3"
"PANTONE 272 C","272","#7474c1"
"PANTONE 273 C","273","#21145f"
"PANTONE 274 C","274","#201751"
"PANTONE 275 C","275","#201747"
"PANTONE 276 C","276","#221d35"
"PANTONE 2705 C","2705","#a8a4e0"
"PANTONE 2715 C","2715","#8a84d7"
"PANTONE 2725 C","2725","#665ec7"
"PANTONE 2735 C","2735","#270089"
"PANTONE 2745 C","2745","#230871"
"PANTONE 2755 C","2755","#211161"
"PANTONE 2765 C","2765","#1f1646"
"PANTONE 7667 C","7667","#6e7ba1"
"PANTONE 7668 C","7668","#686ea0"
"PANTONE 7669 C","7669","#625e9d"
"PANTONE 7670 C","7670","#575195"
"PANTONE 7671 C","7671","#534588"
"PANTONE 7672 C","7672","#4d4185"
"PANTONE 7673 C","7673","#535487"
"PANTONE 7443 C","7443","#dddbea"
"PANTONE 7444 C","7444","#b6b8de"
"PANTONE 7445 C","7445","#a7a2c2"
"PANTONE 7446 C","7446","#8b86ca"
"PANTONE 7447 C","7447","#5f4876"
"PANTONE 7448 C","7448","#4b384c"
"PANTONE 7449 C","7449","#43273b"
"PANTONE 7674 C","7674","#898bb4"
"PANTONE 7675 C","7675","#7d7fab"
"PANTONE 7676 C","7676","#7665a0"
"PANTONE 7677 C","7677","#715192"
"PANTONE 7678 C","7678","#6a488e"
"PANTONE 7679 C","7679","#583d81"
"PANTONE 7680 C","7680","#543278"
"PANTONE 663 C","663","#e6e2e7"
"PANTONE 664 C","664","#e0dae2"
"PANTONE 665 C","665","#c7bcd1"
"PANTONE 666 C","666","#a292b3"
"PANTONE 667 C","667","#7c6991"
"PANTONE 668 C","668","#624c79"
"PANTONE 669 C","669","#3f2b56"
"PANTONE 5315 C","5315","#d9d7df"
"PANTONE 5305 C","5305","#c6c4d2"
"PANTONE 5295 C","5295","#b3b0c4"
"PANTONE 5285 C","5285","#8d89a4"
"PANTONE 5275 C","5275","#595478"
"PANTONE 5265 C","5265","#3f3a60"
"PANTONE 5255 C","5255","#1d1934"
"PANTONE 538 C","538","#c5cfdb"
"PANTONE 537 C","537","#bac7d8"
"PANTONE 536 C","536","#a2b2c9"
"PANTONE 535 C","535","#8d9ebd"
"PANTONE 534 C","534","#1c355e"
"PANTONE 533 C","533","#202945"
"PANTONE 532 C","532","#1c1f2a"
"PANTONE 7541 C","7541","#d9e0e2"
"PANTONE 7542 C","7542","#a4bcc4"
"PANTONE 7543 C","7543","#98a4af"
"PANTONE 7544 C","7544","#768693"
"PANTONE 7545 C","7545","#415464"
"PANTONE 7546 C","7546","#253746"
"PANTONE 7547 C","7547","#131e29"
"PANTONE 552 C","552","#bad2dd"
"PANTONE 551 C","551","#a3c6d4"
"PANTONE 550 C","550","#8cb8ca"
"PANTONE 549 C","549","#69a3b9"
"PANTONE 548 C","548","#003c4d"
"PANTONE 547 C","547","#00303c"
"PANTONE 546 C","546","#062a30"
"PANTONE 5455 C","5455","#becdd6"
"PANTONE 5445 C","5445","#b8c8d4"
"PANTONE 5435 C","5435","#a6bbc9"
"PANTONE 5425 C","5425","#7b98ac"
"PANTONE 5415 C","5415","#5b7e96"
"PANTONE 5405 C","5405","#4e748b"
"PANTONE 5395 C","5395","#081f2d"
"PANTONE 642 C","642","#d3dde6"
"PANTONE 643 C","643","#c6d5e3"
"PANTONE 644 C","644","#9bb7d4"
"PANTONE 645 C","645","#7ca0c5"
"PANTONE 646 C","646","#5b8ab5"
"PANTONE 647 C","647","#236093"
"PANTONE 648 C","648","#002d5d"
"PANTONE 649 C","649","#dbe2ea"
"PANTONE 650 C","650","#ced9e7"
"PANTONE 651 C","651","#a7bcd7"
"PANTONE 652 C","652","#7d9bc0"
"PANTONE 653 C","653","#326195"
"PANTONE 654 C","654","#003a70"
"PANTONE 655 C","655","#002554"
"PANTONE 656 C","656","#dde4ec"
"PANTONE 657 C","657","#c9d7ec"
"PANTONE 658 C","658","#b1c9ea"
"PANTONE 659 C","659","#7aa4dd"
"PANTONE 660 C","660","#3d7dca"
"PANTONE 661 C","661","#003595"
"PANTONE 662 C","662","#001c71"
"PANTONE 7450 C","7450","#bec4da"
"PANTONE 7451 C","7451","#88aae3"
"PANTONE 7452 C","7452","#8094dd"
"PANTONE 7453 C","7453","#7ba5de"
"PANTONE 7454 C","7454","#608eb5"
"PANTONE 7455 C","7455","#385dae"
"PANTONE 7456 C","7456","#5f6eb3"
"PANTONE 2706 C","2706","#cbd2eb"
"PANTONE 2716 C","2716","#9eaee5"
"PANTONE 2726 C","2726","#435cc8"
"PANTONE 2736 C","2736","#1226aa"
"PANTONE 2746 C","2746","#0a1f8f"
"PANTONE 2756 C","2756","#0f206c"
"PANTONE 2766 C","2766","#101c4e"
"PANTONE 2708 C","2708","#b8cceb"
"PANTONE 2718 C","2718","#5988da"
"PANTONE 2728 C","2728","#0047bb"
"PANTONE 2738 C","2738","#000b8c"
"PANTONE 2748 C","2748","#001a71"
"PANTONE 2758 C","2758","#001e61"
"PANTONE 2768 C","2768","#021d49"
"PANTONE 2707 C","2707","#c3d6ee"
"PANTONE 2717 C","2717","#a6c6ee"
"PANTONE 2727 C","2727","#2b7de1"
"PANTONE Blue 072 C","blue-072","#000f9f"
"PANTONE 2747 C","2747","#001a72"
"PANTONE 2757 C","2757","#001f60"
"PANTONE 2767 C","2767","#12284c"
"PANTONE 277 C","277","#acc9e8"
"PANTONE 278 C","278","#8bb8ea"
"PANTONE 279 C","279","#3b8ede"
"PANTONE Reflex Blue C","reflex-blue","#001689"
"PANTONE 280 C","280","#002269"
"PANTONE 281 C","281","#00205c"
"PANTONE 282 C","282","#011e41"
"PANTONE 283 C","283","#92c0ea"
"PANTONE 284 C","284","#6babe5"
"PANTONE 285 C","285","#0071ce"
"PANTONE 286 C","286","#0033a1"
"PANTONE 287 C","287","#002f87"
"PANTONE 288 C","288","#002d74"
"PANTONE 289 C","289","#0a2240"
"PANTONE 7681 C","7681","#94a8cc"
"PANTONE 7682 C","7682","#6886b8"
"PANTONE 7683 C","7683","#426ca9"
"PANTONE 7684 C","7684","#345e9e"
"PANTONE 7685 C","7685","#2c5697"
"PANTONE 7686 C","7686","#194f90"
"PANTONE 7687 C","7687","#1a428a"
"PANTONE 545 C","545","#c6dae7"
"PANTONE 544 C","544","#bed5e8"
"PANTONE 543 C","543","#a3c8e3"
"PANTONE 542 C","542","#7baed4"
"PANTONE 541 C","541","#003c71"
"PANTONE 540 C","540","#003057"
"PANTONE 539 C","539","#00263a"
"PANTONE 290 C","290","#b9d9ec"
"PANTONE 291 C","291","#98caec"
"PANTONE 292 C","292","#65b2e9"
"PANTONE 293 C","293","#003da7"
"PANTONE 294 C","294","#002f6d"
"PANTONE 295 C","295","#002856"
"PANTONE 296 C","296","#041c2c"
"PANTONE 2905 C","2905","#8dc7e9"
"PANTONE 2915 C","2915","#5fb4e5"
"PANTONE 2925 C","2925","#009bdf"
"PANTONE 2935 C","2935","#0056b8"
"PANTONE 2945 C","2945","#004b98"
"PANTONE 2955 C","2955","#003764"
"PANTONE 2965 C","2965","#00263e"
"PANTONE 297 C","297","#6cc5e9"
"PANTONE 298 C","298","#3db5e6"
"PANTONE 299 C","299","#00a1e0"
"PANTONE 300 C","300","#005db9"
"PANTONE 301 C","301","#004a88"
"PANTONE 302 C","302","#003a5d"
"PANTONE 303 C","303","#002a3a"
"PANTONE 7688 C","7688","#4298cc"
"PANTONE 7689 C","7689","#248dc1"
"PANTONE 7690 C","7690","#0076a9"
"PANTONE 7691 C","7691","#006098"
"PANTONE 7692 C","7692","#005587"
"PANTONE 7693 C","7693","#004877"
"PANTONE 7694 C","7694","#00426b"
"PANTONE 2975 C","2975","#96d5ea"
"PANTONE 2985 C","2985","#55c1e9"
"PANTONE 2995 C","2995","#00a8e2"
"PANTONE 3005 C","3005","#0075c9"
"PANTONE 3015 C","3015","#00609c"
"PANTONE 3025 C","3025","#004e72"
"PANTONE 3035 C","3035","#003e52"
"PANTONE 7695 C","7695","#7ba6bb"
"PANTONE 7696 C","7696","#6099b0"
"PANTONE 7697 C","7697","#4d86a0"
"PANTONE 7698 C","7698","#40748e"
"PANTONE 7699 C","7699","#33647f"
"PANTONE 7700 C","7700","#185a7d"
"PANTONE 7701 C","7701","#005678"
"PANTONE 7457 C","7457","#badce6"
"PANTONE 7458 C","7458","#70b1c9"
"PANTONE 7459 C","7459","#3f97b5"
"PANTONE 7460 C","7460","#0083c2"
"PANTONE 7461 C","7461","#007cbb"
"PANTONE 7462 C","7462","#00548b"
"PANTONE 7463 C","7463","#002b49"
"PANTONE 304 C","304","#97daea"
"PANTONE 305 C","305","#54c9e8"
"PANTONE 306 C","306","#00b3e3"
"PANTONE Process Blue C","process-blue","#0082ca"
"PANTONE 307 C","307","#006aa7"
"PANTONE 308 C","308","#00577d"
"PANTONE 309 C","309","#003b4a"
"PANTONE 635 C","635","#a2dae8"
"PANTONE 636 C","636","#88d2e7"
"PANTONE 637 C","637","#4bc1e1"
"PANTONE 638 C","638","#00add8"
"PANTONE 639 C","639","#0094ca"
"PANTONE 640 C","640","#0081bc"
"PANTONE 641 C","641","#0065a1"
"PANTONE 7702 C","7702","#43a8c7"
"PANTONE 7703 C","7703","#009abf"
"PANTONE 7704 C","7704","#0084ad"
"PANTONE 7705 C","7705","#006e97"
"PANTONE 7706 C","7706","#00698f"
"PANTONE 7707 C","7707","#006080"
"PANTONE 7708 C","7708","#005570"
"PANTONE 628 C","628","#b7dde2"
"PANTONE 629 C","629","#98d2dd"
"PANTONE 630 C","630","#74c4d6"
"PANTONE 631 C","631","#37b0c9"
"PANTONE 632 C","632","#0091b3"
"PANTONE 633 C","633","#007298"
"PANTONE 634 C","634","#005d83"
"PANTONE 310 C","310","#64d0e4"
"PANTONE 311 C","311","#00c2df"
"PANTONE 312 C","312","#00a7cf"
"PANTONE 313 C","313","#008fbf"
"PANTONE 314 C","314","#007da5"
"PANTONE 315 C","315","#006680"
"PANTONE 316 C","316","#004750"
"PANTONE 3105 C","3105","#60d1e0"
"PANTONE 3115 C","3115","#00bfd7"
"PANTONE 3125 C","3125","#00acc8"
"PANTONE 3135 C","3135","#008bac"
"PANTONE 3145 C","3145","#00758d"
"PANTONE 3155 C","3155","#006072"
"PANTONE 3165 C","3165","#004e5a"
"PANTONE 7709 C","7709","#62b1bd"
"PANTONE 7710 C","7710","#00a6b6"
"PANTONE 7711 C","7711","#0096aa"
"PANTONE 7712 C","7712","#00839b"
"PANTONE 7713 C","7713","#007b8b"
"PANTONE 7714 C","7714","#007581"
"PANTONE 7715 C","7715","#006168"
"PANTONE 317 C","317","#afe3e4"
"PANTONE 318 C","318","#85dadf"
"PANTONE 319 C","319","#1fcbd4"
"PANTONE 320 C","320","#0099a9"
"PANTONE 321 C","321","#008996"
"PANTONE 322 C","322","#007079"
"PANTONE 323 C","323","#005e63"
"PANTONE 7464 C","7464","#a0d0cb"
"PANTONE 7465 C","7465","#3bbfae"
"PANTONE 7466 C","7466","#00adbc"
"PANTONE 7467 C","7467","#00a1b0"
"PANTONE 7468 C","7468","#007299"
"PANTONE 7469 C","7469","#005e86"
"PANTONE 7470 C","7470","#005870"
"PANTONE 7471 C","7471","#7bdcd5"
"PANTONE 7472 C","7472","#58b7b3"
"PANTONE 7473 C","7473","#19988b"
"PANTONE 7474 C","7474","#007582"
"PANTONE 7475 C","7475","#457a7c"
"PANTONE 7476 C","7476","#035157"
"PANTONE 7477 C","7477","#244c5a"
"PANTONE 5523 C","5523","#b6ced1"
"PANTONE 5513 C","5513","#abc6ca"
"PANTONE 5503 C","5503","#92b7bc"
"PANTONE 5493 C","5493","#7da8ae"
"PANTONE 5483 C","5483","#4c868f"
"PANTONE 5473 C","5473","#035d67"
"PANTONE 5463 C","5463","#06262d"
"PANTONE 7716 C","7716","#009491"
"PANTONE 7717 C","7717","#00837e"
"PANTONE 7718 C","7718","#007574"
"PANTONE 7719 C","7719","#006c68"
"PANTONE 7720 C","7720","#00625c"
"PANTONE 7721 C","7721","#005c5e"
"PANTONE 7722 C","7722","#004f51"
"PANTONE 324 C","324","#9adada"
"PANTONE 325 C","325","#63cbca"
"PANTONE 326 C","326","#00afab"
"PANTONE 327 C","327","#008476"
"PANTONE 328 C","328","#007167"
"PANTONE 329 C","329","#00665f"
"PANTONE 330 C","330","#00524c"
"PANTONE 3242 C","3242","#6cdbd6"
"PANTONE 3252 C","3252","#12d0ca"
"PANTONE 3262 C","3262","#00bcb5"
"PANTONE 3272 C","3272","#00a19c"
"PANTONE 3282 C","3282","#00837c"
"PANTONE 3292 C","3292","#005851"
"PANTONE 3302 C","3302","#004c46"
"PANTONE 3245 C","3245","#78dfd5"
"PANTONE 3255 C","3255","#1bd4c6"
"PANTONE 3265 C","3265","#00c4b4"
"PANTONE 3275 C","3275","#00b09b"
"PANTONE 3285 C","3285","#009483"
"PANTONE 3295 C","3295","#007565"
"PANTONE 3305 C","3305","#004d43"
"PANTONE 3248 C","3248","#6cccb9"
"PANTONE 3258 C","3258","#46c3b2"
"PANTONE 3268 C","3268","#00aa90"
"PANTONE 3278 C","3278","#009878"
"PANTONE 3288 C","3288","#008065"
"PANTONE 3298 C","3298","#006853"
"PANTONE 3308 C","3308","#004538"
"PANTONE 566 C","566","#b6dcd3"
"PANTONE 565 C","565","#9ed5cb"
"PANTONE 564 C","564","#81c8bd"
"PANTONE 563 C","563","#66bbb0"
"PANTONE 562 C","562","#006e63"
"PANTONE 561 C","561","#00594e"
"PANTONE 560 C","560","#1a3c34"
"PANTONE 573 C","573","#b3e2d9"
"PANTONE 572 C","572","#a1dfd3"
"PANTONE 571 C","571","#93dbd0"
"PANTONE 570 C","570","#67c9bb"
"PANTONE 569 C","569","#00806e"
"PANTONE 568 C","568","#006b5b"
"PANTONE 567 C","567","#153e35"
"PANTONE 559 C","559","#aecab9"
"PANTONE 558 C","558","#9abdab"
"PANTONE 557 C","557","#86b09b"
"PANTONE 556 C","556","#6fa088"
"PANTONE 555 C","555","#2b7050"
"PANTONE 554 C","554","#205b41"
"PANTONE 553 C","553","#294635"
"PANTONE 5595 C","5595","#becec4"
"PANTONE 5585 C","5585","#a5bdb1"
"PANTONE 5575 C","5575","#91aba1"
"PANTONE 5565 C","5565","#7d9d92"
"PANTONE 5555 C","5555","#5a7f72"
"PANTONE 5545 C","5545","#42695c"
"PANTONE 5535 C","5535","#163029"
"PANTONE 5665 C","5665","#bbc5ba"
"PANTONE 5655 C","5655","#b1bdb0"
"PANTONE 5645 C","5645","#a3b1a4"
"PANTONE 5635 C","5635","#94a497"
"PANTONE 5625 C","5625","#718473"
"PANTONE 5615 C","5615","#5e7361"
"PANTONE 5605 C","5605","#21372c"
"PANTONE 5527 C","5527","#bbc8c5"
"PANTONE 5517 C","5517","#b1c0bc"
"PANTONE 5507 C","5507","#9cafac"
"PANTONE 5497 C","5497","#849895"
"PANTONE 5487 C","5487","#5e7875"
"PANTONE 5477 C","5477","#3e5c59"
"PANTONE 5467 C","5467","#19322f"
"PANTONE 621 C","621","#cfe0d8"
"PANTONE 622 C","622","#b7cdc3"
"PANTONE 623 C","623","#99b9ae"
"PANTONE 624 C","624","#779e91"
"PANTONE 625 C","625","#4e7f71"
"PANTONE 626 C","626","#245c4e"
"PANTONE 627 C","627","#10322c"
"PANTONE 331 C","331","#a5e6da"
"PANTONE 332 C","332","#88e2d2"
"PANTONE 333 C","333","#2fd9c4"
"PANTONE Green C","green","#00a888"
"PANTONE 334 C","334","#009579"
"PANTONE 335 C","335","#007a61"
"PANTONE 336 C","336","#006450"
"PANTONE 337 C","337","#8ed5be"
"PANTONE 338 C","338","#6ccdb3"
"PANTONE 339 C","339","#00b289"
"PANTONE 340 C","340","#00945f"
"PANTONE 341 C","341","#007953"
"PANTONE 342 C","342","#006648"
"PANTONE 343 C","343","#095640"
"PANTONE 7723 C","7723","#4ca686"
"PANTONE 7724 C","7724","#00956e"
"PANTONE 7725 C","7725","#008656"
"PANTONE 7726 C","7726","#007a4c"
"PANTONE 7727 C","7727","#006e47"
"PANTONE 7728 C","7728","#006746"
"PANTONE 7729 C","7729","#005745"
"PANTONE 3375 C","3375","#75e1c2"
"PANTONE 3385 C","3385","#3cd5af"
"PANTONE 3395 C","3395","#00c18c"
"PANTONE 3405 C","3405","#00ad69"
"PANTONE 3415 C","3415","#00754a"
"PANTONE 3425 C","3425","#006241"
"PANTONE 3435 C","3435","#124734"
"PANTONE 344 C","344","#9fd9b4"
"PANTONE 345 C","345","#91d5ad"
"PANTONE 346 C","346","#6ccb99"
"PANTONE 347 C","347","#009946"
"PANTONE 348 C","348","#00833f"
"PANTONE 349 C","349","#006938"
"PANTONE 350 C","350","#2a5135"
"PANTONE 351 C","351","#a1e3bb"
"PANTONE 352 C","352","#8be1b1"
"PANTONE 353 C","353","#7adfa9"
"PANTONE 354 C","354","#00af42"
"PANTONE 355 C","355","#00953b"
"PANTONE 356 C","356","#007935"
"PANTONE 357 C","357","#1a5632"
"PANTONE 7478 C","7478","#96e2c0"
"PANTONE 7479 C","7479","#00ce7d"
"PANTONE 7480 C","7480","#00bd71"
"PANTONE 7481 C","7481","#00b551"
"PANTONE 7482 C","7482","#009d4f"
"PANTONE 7483 C","7483","#225d39"
"PANTONE 7484 C","7484","#005740"
"PANTONE 7730 C","7730","#4a9463"
"PANTONE 7731 C","7731","#1e864a"
"PANTONE 7732 C","7732","#00783f"
"PANTONE 7733 C","7733","#006f43"
"PANTONE 7734 C","7734","#266141"
"PANTONE 7735 C","7735","#36573d"
"PANTONE 7736 C","7736","#375543"
"PANTONE 7737 C","7737","#6ba53a"
"PANTONE 7738 C","7738","#45a142"
"PANTONE 7739 C","7739","#2c9a42"
"PANTONE 7740 C","7740","#349041"
"PANTONE 7741 C","7741","#408740"
"PANTONE 7742 C","7742","#48773c"
"PANTONE 7743 C","7743","#40693d"
"PANTONE 358 C","358","#abdb92"
"PANTONE 359 C","359","#a1d784"
"PANTONE 360 C","360","#6bc04b"
"PANTONE 361 C","361","#3daf2c"
"PANTONE 362 C","362","#4c9d2f"
"PANTONE 363 C","363","#4a8b2c"
"PANTONE 364 C","364","#497629"
"PANTONE 7485 C","7485","#d0debc"
"PANTONE 7486 C","7486","#bbe094"
"PANTONE 7487 C","7487","#8add66"
"PANTONE 7488 C","7488","#71d54c"
"PANTONE 7489 C","7489","#72a951"
"PANTONE 7490 C","7490","#72984b"
"PANTONE 7491 C","7491","#79853c"
"PANTONE 365 C","365","#c1e089"
"PANTONE 366 C","366","#b6dd7a"
"PANTONE 367 C","367","#a3d55f"
"PANTONE 368 C","368","#76bd22"
"PANTONE 369 C","369","#62a70f"
"PANTONE 370 C","370","#638c1c"
"PANTONE 371 C","371","#546223"
"PANTONE 372 C","372","#d3eb8f"
"PANTONE 373 C","373","#cce981"
"PANTONE 374 C","374","#c3e86c"
"PANTONE 375 C","375","#94d600"
"PANTONE 376 C","376","#81bc00"
"PANTONE 377 C","377","#789a05"
"PANTONE 378 C","378","#59621d"
"PANTONE 580 C","580","#c5d5a5"
"PANTONE 579 C","579","#bed09c"
"PANTONE 578 C","578","#b7ce97"
"PANTONE 577 C","577","#abc380"
"PANTONE 576 C","576","#799c4b"
"PANTONE 575 C","575","#69813c"
"PANTONE 574 C","574","#4d5a31"
"PANTONE 5807 C","5807","#d0d1ab"
"PANTONE 5797 C","5797","#c6c89c"
"PANTONE 5787 C","5787","#babd8b"
"PANTONE 5777 C","5777","#a2a568"
"PANTONE 5767 C","5767","#8b8d4a"
"PANTONE 5757 C","5757","#6c702f"
"PANTONE 5747 C","5747","#3d441d"
"PANTONE 5875 C","5875","#d4ce9f"
"PANTONE 5865 C","5865","#ccc794"
"PANTONE 5855 C","5855","#c0bb87"
"PANTONE 5845 C","5845","#b0aa6f"
"PANTONE 5835 C","5835","#a19958"
"PANTONE 5825 C","5825","#8b813c"
"PANTONE 5815 C","5815","#565025"
"PANTONE 5803 C","5803","#c3c7a8"
"PANTONE 5793 C","5793","#b4b896"
"PANTONE 5783 C","5783","#a4aa84"
"PANTONE 5773 C","5773","#899065"
"PANTONE 5763 C","5763","#757b4e"
"PANTONE 5753 C","5753","#5f6738"
"PANTONE 5743 C","5743","#3f4828"
"PANTONE 7492 C","7492","#c1cb80"
"PANTONE 7493 C","7493","#bcc493"
"PANTONE 7494 C","7494","#9bae89"
"PANTONE 7495 C","7495","#90993f"
"PANTONE 7496 C","7496","#76881e"
"PANTONE 7497 C","7497","#7a7257"
"PANTONE 7498 C","7498","#5c6236"
"PANTONE 7744 C","7744","#babc18"
"PANTONE 7745 C","7745","#aaac24"
"PANTONE 7746 C","7746","#9a9b32"
"PANTONE 7747 C","7747","#8a8d32"
"PANTONE 7748 C","7748","#7d8036"
"PANTONE 7749 C","7749","#737337"
"PANTONE 7750 C","7750","#666636"
"PANTONE 379 C","379","#e2e768"
"PANTONE 380 C","380","#dbe444"
"PANTONE 381 C","381","#cedb00"
"PANTONE 382 C","382","#c3d600"
"PANTONE 383 C","383","#a9ad00"
"PANTONE 384 C","384","#959300"
"PANTONE 385 C","385","#797121"
"PANTONE 386 C","386","#ebeb6d"
"PANTONE 387 C","387","#e3e836"
"PANTONE 388 C","388","#e1e723"
"PANTONE 389 C","389","#cedf00"
"PANTONE 390 C","390","#b5be00"
"PANTONE 391 C","391","#999500"
"PANTONE 392 C","392","#827a06"
"PANTONE 587 C","587","#e4e38d"
"PANTONE 586 C","586","#e2e27d"
"PANTONE 585 C","585","#ddde70"
"PANTONE 584 C","584","#d4d756"
"PANTONE 583 C","583","#b9bf15"
"PANTONE 582 C","582","#908c13"
"PANTONE 581 C","581","#645d22"
"PANTONE 393 C","393","#f1ed74"
"PANTONE 394 C","394","#eee93b"
"PANTONE 395 C","395","#ece819"
"PANTONE 396 C","396","#e1e000"
"PANTONE 397 C","397","#c0b900"
"PANTONE 398 C","398","#aca400"
"PANTONE 399 C","399","#a19200"
"PANTONE 3935 C","3935","#f4e95d"
"PANTONE 3945 C","3945","#f4e600"
"PANTONE 3955 C","3955","#f1e000"
"PANTONE 3965 C","3965","#eedc00"
"PANTONE 3975 C","3975","#bda700"
"PANTONE 3985 C","3985","#9a8600"
"PANTONE 3995 C","3995","#6a5c21"
"PANTONE 600 C","600","#f1eb9c"
"PANTONE 601 C","601","#f1e890"
"PANTONE 602 C","602","#f1e87c"
"PANTONE 603 C","603","#efe14b"
"PANTONE 604 C","604","#edda26"
"PANTONE 605 C","605","#e1cd00"
"PANTONE 606 C","606","#d0b500"
"PANTONE 607 C","607","#ede59b"
"PANTONE 608 C","608","#e9e187"
"PANTONE 609 C","609","#e8dd77"
"PANTONE 610 C","610","#e2d456"
"PANTONE 611 C","611","#d8c825"
"PANTONE 612 C","612","#c6b100"
"PANTONE 613 C","613","#b59b00"
"PANTONE 461 C","461","#ebdf99"
"PANTONE 460 C","460","#e7d780"
"PANTONE 459 C","459","#dfcd63"
"PANTONE 458 C","458","#dbc656"
"PANTONE 457 C","457","#ba9d17"
"PANTONE 456 C","456","#a48e2a"
"PANTONE 455 C","455","#6b5a24"
"PANTONE 614 C","614","#dcd59a"
"PANTONE 615 C","615","#d6ce8e"
"PANTONE 616 C","616","#d1c782"
"PANTONE 617 C","617","#c1b561"
"PANTONE 618 C","618","#ad9e3d"
"PANTONE 619 C","619","#9f912a"
"PANTONE 620 C","620","#8b7b18"
"PANTONE 7751 C","7751","#cbb54c"
"PANTONE 7752 C","7752","#d1af22"
"PANTONE 7753 C","7753","#c3a11f"
"PANTONE 7754 C","7754","#a28629"
"PANTONE 7755 C","7755","#8b7631"
"PANTONE 7756 C","7756","#736736"
"PANTONE 7757 C","7757","#695d33"
"PANTONE 7758 C","7758","#d5c303"
"PANTONE 7759 C","7759","#c5b200"
"PANTONE 7760 C","7760","#93842d"
"PANTONE 7761 C","7761","#757136"
"PANTONE 7762 C","7762","#5d6339"
"PANTONE 7763 C","7763","#5a5b3c"
"PANTONE 7764 C","7764","#545435"
"PANTONE 7765 C","7765","#bbb322"
"PANTONE 7766 C","7766","#b5a91f"
"PANTONE 7767 C","7767","#aa9d2e"
"PANTONE 7768 C","7768","#8e7f35"
"PANTONE 7769 C","7769","#716134"
"PANTONE 7770 C","7770","#635a38"
"PANTONE 7771 C","7771","#4e4a34"
"PANTONE 4545 C","4545","#d5ca9f"
"PANTONE 4535 C","4535","#d0c493"
"PANTONE 4525 C","4525","#c7b784"
"PANTONE 4515 C","4515","#b5a36a"
"PANTONE 4505 C","4505","#9a8543"
"PANTONE 4495 C","4495","#8d7732"
"PANTONE 4485 C","4485","#634f26"
"PANTONE 454 C","454","#cdc5a7"
"PANTONE 453 C","453","#c3ba99"
"PANTONE 452 C","452","#b2a87f"
"PANTONE 451 C","451","#9e925f"
"PANTONE 450 C","450","#5b4a26"
"PANTONE 449 C","449","#544627"
"PANTONE 448 C","448","#4c412a"
"PANTONE 7499 C","7499","#f2e5b3"
"PANTONE 7500 C","7500","#e1d1a7"
"PANTONE 7501 C","7501","#dac79f"
"PANTONE 7502 C","7502","#d1b888"
"PANTONE 7503 C","7503","#aa9868"
"PANTONE 7504 C","7504","#96785e"
"PANTONE 7505 C","7505","#826140"
"PANTONE 468 C","468","#decaa4"
"PANTONE 467 C","467","#d5bb8d"
"PANTONE 466 C","466","#c9a978"
"PANTONE 465 C","465","#bd965c"
"PANTONE 464 C","464","#8f5a28"
"PANTONE 463 C","463","#774e29"
"PANTONE 462 C","462","#5e462b"
"PANTONE 7506 C","7506","#f3dbb3"
"PANTONE 7507 C","7507","#fdd29a"
"PANTONE 7508 C","7508","#e2b87f"
"PANTONE 7509 C","7509","#d8a462"
"PANTONE 7510 C","7510","#c78a3e"
"PANTONE 7511 C","7511","#ba7828"
"PANTONE 7512 C","7512","#a8641a"
"PANTONE 719 C","719","#eec8a2"
"PANTONE 720 C","720","#e9b88b"
"PANTONE 721 C","721","#dfa46e"
"PANTONE 722 C","722","#cb8342"
"PANTONE 723 C","723","#b46b21"
"PANTONE 724 C","724","#954f10"
"PANTONE 725 C","725","#7e4115"
"PANTONE 475 C","475","#f3d0b3"
"PANTONE 474 C","474","#f3c7a7"
"PANTONE 473 C","473","#f4bf9b"
"PANTONE 472 C","472","#e79e6d"
"PANTONE 471 C","471","#bc6225"
"PANTONE 470 C","470","#a65a2a"
"PANTONE 469 C","469","#6a4024"
"PANTONE 726 C","726","#e1c29f"
"PANTONE 727 C","727","#dbb48e"
"PANTONE 728 C","728","#cea176"
"PANTONE 729 C","729","#b68250"
"PANTONE 730 C","730","#a0672e"
"PANTONE 731 C","731","#784311"
"PANTONE 732 C","732","#633510"
"PANTONE 4685 C","4685","#e0c6ad"
"PANTONE 4675 C","4675","#ddc0a6"
"PANTONE 4665 C","4665","#cea888"
"PANTONE 4655 C","4655","#c19474"
"PANTONE 4645 C","4645","#af7d58"
"PANTONE 4635 C","4635","#976036"
"PANTONE 4625 C","4625","#512c1e"
"PANTONE 7513 C","7513","#e2b7a6"
"PANTONE 7514 C","7514","#d7a386"
"PANTONE 7515 C","7515","#c78c67"
"PANTONE 7516 C","7516","#9b552b"
"PANTONE 7517 C","7517","#88441d"
"PANTONE 7518 C","7518","#6f4f47"
"PANTONE 7519 C","7519","#5f4b3d"
"PANTONE 4755 C","4755","#dac3b7"
"PANTONE 4745 C","4745","#cfb5a8"
"PANTONE 4735 C","4735","#c2a392"
"PANTONE 4725 C","4725","#b18979"
"PANTONE 4715 C","4715","#996b59"
"PANTONE 4705 C","4705","#804d3b"
"PANTONE 4695 C","4695","#5d3428"
"PANTONE 482 C","482","#ddc8b7"
"PANTONE 481 C","481","#d6baa8"
"PANTONE 480 C","480","#c9a892"
"PANTONE 479 C","479","#ae8067"
"PANTONE 478 C","478","#753e2a"
"PANTONE 477 C","477","#653b2b"
"PANTONE 476 C","476","#503629"
"PANTONE 7527 C","7527","#d7d2c5"
"PANTONE 7528 C","7528","#c6b9ad"
"PANTONE 7529 C","7529","#b7a99a"
"PANTONE 7530 C","7530","#a49483"
"PANTONE 7531 C","7531","#7c6856"
"PANTONE 7532 C","7532","#64513d"
"PANTONE 7533 C","7533","#483729"
"PANTONE 7534 C","7534","#d2cdbe"
"PANTONE 7535 C","7535","#b7b09d"
"PANTONE 7536 C","7536","#a7a089"
"PANTONE 7537 C","7537","#a8aca1"
"PANTONE 7538 C","7538","#939a90"
"PANTONE 7539 C","7539","#8e8f89"
"PANTONE 7540 C","7540","#4a4f55"
"PANTONE 427 C","427","#d0d3d4"
"PANTONE 428 C","428","#c2c6c9"
"PANTONE 429 C","429","#a3aaae"
"PANTONE 430 C","430","#7c868d"
"PANTONE 431 C","431","#5b6770"
"PANTONE 432 C","432","#323e48"
"PANTONE 433 C","433","#1d252c"
"PANTONE 420 C","420","#c9c8c8"
"PANTONE 421 C","421","#b1b4b3"
"PANTONE 422 C","422","#9fa2a3"
"PANTONE 423 C","423","#898c8d"
"PANTONE 424 C","424","#707271"
"PANTONE 425 C","425","#54575a"
"PANTONE 426 C","426","#24282a"
"PANTONE 441 C","441","#bcc7c4"
"PANTONE 442 C","442","#9facab"
"PANTONE 443 C","443","#8f9d9d"
"PANTONE 444 C","444","#6f7c7d"
"PANTONE 445 C","445","#4e5859"
"PANTONE 446 C","446","#3d4543"
"PANTONE 447 C","447","#373a36"
"PANTONE 413 C","413","#bbbab0"
"PANTONE 414 C","414","#aaa99f"
"PANTONE 415 C","415","#919389"
"PANTONE 416 C","416","#7e7f74"
"PANTONE 417 C","417","#65675e"
"PANTONE 418 C","418","#51534a"
"PANTONE 419 C","419","#212322"
"PANTONE 400 C","400","#c5bfb7"
"PANTONE 401 C","401","#b0aaa0"
"PANTONE 402 C","402","#9e958c"
"PANTONE 403 C","403","#8c847b"
"PANTONE 404 C","404","#776e64"
"PANTONE 405 C","405","#686158"
"PANTONE Black C","black","#2d2a26"
"PANTONE 406 C","406","#c6bcb6"
"PANTONE 407 C","407","#b1a8a2"
"PANTONE 408 C","408","#988c88"
"PANTONE 409 C","409","#867875"
"PANTONE 410 C","410","#756762"
"PANTONE 411 C","411","#5f504e"
"PANTONE 412 C","412","#382f2d"
"PANTONE 434 C","434","#d0c5c6"
"PANTONE 435 C","435","#c0b3b6"
"PANTONE 436 C","436","#aa999d"
"PANTONE 437 C","437","#7a6569"
"PANTONE 438 C","438","#574545"
"PANTONE 439 C","439","#443635"
"PANTONE 440 C","440","#372e2c"
"PANTONE Warm Gray 1 C","warm-gray-1","#d7d2cb"
"PANTONE Warm Gray 2 C","warm-gray-2","#ccc4bc"
"PANTONE Warm Gray 3 C","warm-gray-3","#c0b8b0"
"PANTONE Warm Gray 4 C","warm-gray-4","#b5ada6"
"PANTONE Warm Gray 5 C","warm-gray-5","#ada29a"
"PANTONE Warm Gray 6 C","warm-gray-6","#a69c95"
"PANTONE Warm Gray 7 C","warm-gray-7","#968c83"
"PANTONE Warm Gray 8 C","warm-gray-8","#8d827a"
"PANTONE Warm Gray 9 C","warm-gray-9","#847870"
"PANTONE Warm Gray 10 C","warm-gray-10","#7a6e67"
"PANTONE Warm Gray 11 C","warm-gray-11","#6f625a"
"PANTONE Cool Gray 1 C","cool-gray-1","#dad9d7"
"PANTONE Cool Gray 2 C","cool-gray-2","#d1d0ce"
"PANTONE Cool Gray 3 C","cool-gray-3","#c9c8c8"
"PANTONE Cool Gray 4 C","cool-gray-4","#bcbcbc"
"PANTONE Cool Gray 5 C","cool-gray-5","#b2b2b2"
"PANTONE Cool Gray 6 C","cool-gray-6","#a8a8aa"
"PANTONE Cool Gray 7 C","cool-gray-7","#98999b"
"PANTONE Cool Gray 8 C","cool-gray-8","#898b8e"
"PANTONE Cool Gray 9 C","cool-gray-9","#76777b"
"PANTONE Cool Gray 10 C","cool-gray-10","#63656a"
"PANTONE Cool Gray 11 C","cool-gray-11","#54565b"
"PANTONE Black 2 C","black-2","#332e20"
"PANTONE Black 3 C","black-3","#212721"
"PANTONE Black 4 C","black-4","#30261d"
"PANTONE Black 5 C","black-5","#3f2b2f"
"PANTONE Black 6 C","black-6","#0f1820"
"PANTONE Black 7 C","black-7","#3d3935"