"PANTONE Yellow C","yellow","#fee000"
"PANTONE Yellow 012 C","yellow-012","#ffd600"
"PANTONE Orange 021 C","orange-021","#ff5a00"
"PANTONE Warm Red C","warm-red","#fd4239"
"PANTONE Red 032 C","red-032","#f32837"
"PANTONE Rubine Red C","rubine-red","#d1005d"
"PANTONE Rhodamine Red C","rhodamine-red","#e51d9b"
"PANTONE Purple C","purple","#bc34ba"
"PANTONE Violet C","violet","#4814a0"
"PANTONE Blue 072 C","blue-072","#001ca8"
"PANTONE Reflex Blue C","reflex-blue","#002596"
"PANTONE Process Blue C","process-blue","#0085cf"
"PANTONE Green C","green","#00aa86"
"PANTONE Black C","black","#2a2723"
"PANTONE Process Yellow C","process-yellow","#fbe200"
"PANTONE Process Magenta C","process-magenta","#d80073"
"PANTONE Process Cyan C","process-cyan","#009ddb"
"PANTONE Process Black C","process-black","#1d1d1d"
"PANTONE Hexachrome Yellow C","hexachrome-yellow","#ffe100"
"PANTONE Hexachrome Orange C","hexachrome-orange","#ff7d00"
"PANTONE Hexachrome Magenta C","hexachrome-magenta","#e40090"
"PANTONE Hexachrome Cyan C","hexachrome-cyan","#008cd2"
"PANTONE Hexachrome Green C","hexachrome-green","#00af4d"
"PANTONE Hexachrome Black C","hexachrome-black","#212121"
"PANTONE 100 C","100","#f3eb7b"
"PANTONE 101 C","101","#f6ec5a"
"PANTONE 102 C","102","#fbe700"
"PANTONE Yellow C","yellow","#fee000"
"PANTONE 103 C","103","#c7ac00"
"PANTONE 104 C","104","#af9a00"
"PANTONE 105 C","105","#877924"
"PANTONE 106 C","106","#f9e655"
"PANTONE 107 C","107","#fce122"
"PANTONE 108 C","108","#fed900"
"PANTONE 109 C","109","#ffd200"
"PANTONE 110 C","110","#d8aa00"
"PANTONE 111 C","111","#ab8d00"
"PANTONE 112 C","112","#978000"
"PANTONE 113 C","113","#fae04e"
"PANTONE 114 C","114","#fbde42"
"PANTONE 115 C","115","#fcdc41"
"PANTONE 116 C","116","#ffcb00"
"PANTONE 117 C","117","#c99900"
"PANTONE 118 C","118","#af8900"
"PANTONE 119 C","119","#87741e"
"PANTONE 120 C","120","#fbdd6f"
"PANTONE 121 C","121","#fbda64"
"PANTONE 122 C","122","#ffd451"
"PANTONE 123 C","123","#ffc82d"
"PANTONE 124 C","124","#ecac00"
"PANTONE 125 C","125","#ba8b00"
"PANTONE 126 C","126","#a07d0e"
"PANTONE 1205 C","1205","#f9e497"
"PANTONE 1215 C","1215","#fbde81"
"PANTONE 1225 C","1225","#ffcb4f"
"PANTONE 1235 C","1235","#ffb60e"
"PANTONE 1245 C","1245","#c79316"
"PANTONE 1255 C","1255","#ae8422"
"PANTONE 1265 C","1265","#876823"
"PANTONE 127 C","127","#f3de74"
"PANTONE 128 C","128","#f6d654"
"PANTONE 129 C","129","#f5cf47"
"PANTONE 130 C","130","#f4aa00"
"PANTONE 131 C","131","#d28e00"
"PANTONE 132 C","132","#a47700"
"PANTONE 133 C","133","#6e5819"
"PANTONE 134 C","134","#fdd475"
"PANTONE 135 C","135","#ffc54f"
"PANTONE 136 C","136","#ffbc3e"
"PANTONE 137 C","137","#ffa200"
"PANTONE 138 C","138","#e37c00"
"PANTONE 139 C","139","#b26f00"
"PANTONE 140 C","140","#755417"
"PANTONE 1345 C","1345","#fed189"
"PANTONE 1355 C","1355","#ffc775"
"PANTONE 1365 C","1365","#ffb652"
"PANTONE 1375 C","1375","#ffa12d"
"PANTONE 1385 C","1385","#d77600"
"PANTONE 1395 C","1395","#9e6214"
"PANTONE 1405 C","1405","#6c491d"
"PANTONE 141 C","141","#f2cb65"
"PANTONE 142 C","142","#f3bd48"
"PANTONE 143 C","143","#f2af32"
"PANTONE 144 C","144","#ef8200"
"PANTONE 145 C","145","#cf7600"
"PANTONE 146 C","146","#a0630a"
"PANTONE 147 C","147","#705a29"
"PANTONE 148 C","148","#fdcf94"
"PANTONE 149 C","149","#ffc481"
"PANTONE 150 C","150","#ffaa52"
"PANTONE 151 C","151","#ff7900"
"PANTONE 152 C","152","#e57200"
"PANTONE 153 C","153","#bf650e"
"PANTONE 154 C","154","#985315"
"PANTONE 1485 C","1485","#ffb16f"
"PANTONE 1495 C","1495","#ff9231"
"PANTONE 1505 C","1505","#ff7000"
"PANTONE Orange 021 C","orange-021","#ff5a00"
"PANTONE 1525 C","1525","#c94d00"
"PANTONE 1535 C","1535","#94420d"
"PANTONE 1545 C","1545","#562e18"
"PANTONE 155 C","155","#f0d5a6"
"PANTONE 156 C","156","#f0c082"
"PANTONE 157 C","157","#ef984a"
"PANTONE 158 C","158","#ea7125"
"PANTONE 159 C","159","#cd5a13"
"PANTONE 160 C","160","#a25018"
"PANTONE 161 C","161","#633b1b"
"PANTONE 1555 C","1555","#ffc29d"
"PANTONE 1565 C","1565","#ffab7b"
"PANTONE 1575 C","1575","#ff8947"
"PANTONE 1585 C","1585","#ff6f20"
"PANTONE 1595 C","1595","#d95e16"
"PANTONE 1605 C","1605","#a55121"
"PANTONE 1615 C","1615","#88441d"
"PANTONE 162 C","162","#ffc3a1"
"PANTONE 163 C","163","#ff9f72"
"PANTONE 164 C","164","#ff8043"
"PANTONE 165 C","165","#ff6418"
"PANTONE 166 C","166","#e55302"
"PANTONE 167 C","167","#c05017"
"PANTONE 168 C","168","#703319"
"PANTONE 1625 C","1625","#ffa489"
"PANTONE 1635 C","1635","#ff9070"
"PANTONE 1645 C","1645","#ff6f40"
"PANTONE 1655 C","1655","#ff5112"
"PANTONE 1665 C","1665","#e24912"
"PANTONE 1675 C","1675","#a63f1e"
"PANTONE 1685 C","1685","#85391f"
"PANTONE 169 C","169","#ffb8ad"
"PANTONE 170 C","170","#ff8d7a"
"PANTONE 171 C","171","#ff5e3c"
"PANTONE 172 C","172","#fe4819"
"PANTONE 173 C","173","#d6492a"
"PANTONE 174 C","174","#9c3c25"
"PANTONE 175 C","175","#72392c"
"PANTONE 176 C","176","#ffb0b7"
"PANTONE 177 C","177","#ff828c"
"PANTONE 178 C","178","#ff5c5e"
"PANTONE Warm Red C","warm-red","#fd4239"
"PANTONE 179 C","179","#e23b30"
"PANTONE 180 C","180","#c13832"
"PANTONE 181 C","181","#7e2b26"
"PANTONE 1765 C","1765","#ff9fad"
"PANTONE 1775 C","1775","#ff8c9e"
"PANTONE 1785 C","1785","#fb4357"
"PANTONE 1788 C","1788","#f12938"
"PANTONE 1795 C","1795","#d3222a"
"PANTONE 1805 C","1805","#af292e"
"PANTONE 1815 C","1815","#7a2426"
"PANTONE 1767 C","1767","#fdb1c0"
"PANTONE 1777 C","1777","#ff657f"
"PANTONE 1787 C","1787","#fa405a"
"PANTONE Red 032 C","red-032","#f32837"
"PANTONE 1797 C","1797","#c9282d"
"PANTONE 1807 C","1807","#a33038"
"PANTONE 1817 C","1817","#5f3032"
"PANTONE 182 C","182","#fbbcc8"
"PANTONE 183 C","183","#fe94ab"
"PANTONE 184 C","184","#f85a7a"
"PANTONE 185 C","185","#e70033"
"PANTONE 186 C","186","#cc092f"
"PANTONE 187 C","187","#ac1a2f"
"PANTONE 188 C","188","#7a2531"
"PANTONE 189 C","189","#f8a4bb"
"PANTONE 190 C","190","#f8799b"
"PANTONE 191 C","191","#f1446f"
"PANTONE 192 C","192","#e70f47"
"PANTONE 193 C","193","#c0143c"
"PANTONE 194 C","194","#9b243e"
"PANTONE 195 C","195","#793141"
"PANTONE 1895 C","1895","#f5bace"
"PANTONE 1905 C","1905","#f59fbc"
"PANTONE 1915 C","1915","#f05283"
"PANTONE 1925 C","1925","#e30450"
"PANTONE 1935 C","1935","#c90044"
"PANTONE 1945 C","1945","#aa103f"
"PANTONE 1955 C","1955","#901c3b"
"PANTONE 196 C","196","#ebc4cb"
"PANTONE 197 C","197","#eb99a9"
"PANTONE 198 C","198","#e14c68"
"PANTONE 199 C","199","#d6093b"
"PANTONE 200 C","200","#be0e34"
"PANTONE 201 C","201","#9e1b32"
"PANTONE 202 C","202","#872434"
"PANTONE 203 C","203","#ebadc5"
"PANTONE 204 C","204","#e87ea6"
"PANTONE 205 C","205","#e1477d"
"PANTONE 206 C","206","#d30044"
"PANTONE 207 C","207","#ad0040"
"PANTONE 208 C","208","#8b2346"
"PANTONE 209 C","209","#71273d"
"PANTONE 210 C","210","#fca2ca"
"PANTONE 211 C","211","#fc7cb3"
"PANTONE 212 C","212","#f54f96"
"PANTONE 213 C","213","#e81e75"
"PANTONE 214 C","214","#cf0360"
"PANTONE 215 C","215","#ab1255"
"PANTONE 216 C","216","#7f2347"
"PANTONE 217 C","217","#edbdd9"
"PANTONE 218 C","218","#e86db2"
"PANTONE 219 C","219","#de1c85"
"PANTONE Rubine Red C","rubine-red","#d1005d"
"PANTONE 220 C","220","#a90050"
"PANTONE 221 C","221","#96004a"
"PANTONE 222 C","222","#6d1a42"
"PANTONE 223 C","223","#f594cc"
"PANTONE 224 C","224","#ef69b9"
"PANTONE 225 C","225","#e62899"
"PANTONE 226 C","226","#d40072"
"PANTONE 227 C","227","#ae005f"
"PANTONE 228 C","228","#870150"
"PANTONE 229 C","229","#682145"
"PANTONE 230 C","230","#f9a5d5"
"PANTONE 231 C","231","#f677c5"
"PANTONE 232 C","232","#ef3fac"
"PANTONE Rhodamine Red C","rhodamine-red","#e51d9b"
"PANTONE 233 C","233","#ca0083"
"PANTONE 234 C","234","#a50069"
"PANTONE 235 C","235","#880656"
"PANTONE 236 C","236","#f6aede"
"PANTONE 237 C","237","#f18cd2"
"PANTONE 238 C","238","#e85dbd"
"PANTONE 239 C","239","#df3bad"
"PANTONE 240 C","240","#c42695"
"PANTONE 241 C","241","#a61f7d"
"PANTONE 242 C","242","#792258"
"PANTONE 2365 C","2365","#f1c3e2"
"PANTONE 2375 C","2375","#e571c7"
"PANTONE 2385 C","2385","#d630ae"
"PANTONE 2395 C","2395","#c8009c"
"PANTONE 2405 C","2405","#a90083"
"PANTONE 2415 C","2415","#970074"
"PANTONE 2425 C","2425","#810262"
"PANTONE 243 C","243","#efbde3"
"PANTONE 244 C","244","#e99fdb"
"PANTONE 245 C","245","#e282d2"
"PANTONE 246 C","246","#c821ac"
"PANTONE 247 C","247","#b70b9b"
"PANTONE 248 C","248","#9f1888"
"PANTONE 249 C","249","#782964"
"PANTONE 250 C","250","#e9c1e4"
"PANTONE 251 C","251","#e09ddc"
"PANTONE 252 C","252","#cd66cd"
"PANTONE Purple C","purple","#bc34ba"
"PANTONE 253 C","253","#ac27a9"
"PANTONE 254 C","254","#9b2c98"
"PANTONE 255 C","255","#702c6a"
"PANTONE 256 C","256","#dfc7df"
"PANTONE 257 C","257","#cea8d2"
"PANTONE 258 C","258","#95519e"
"PANTONE 259 C","259","#71277a"
"PANTONE 260 C","260","#642566"
"PANTONE 261 C","261","#5d245a"
"PANTONE 262 C","262","#55274f"
"PANTONE 2562 C","2562","#d7aae3"
"PANTONE 2572 C","2572","#c78cda"
"PANTONE 2582 C","2582","#a74dc3"
"PANTONE 2592 C","2592","#9325b2"
"PANTONE 2602 C","2602","#7f1399"
"PANTONE 2612 C","2612","#6d207c"
"PANTONE 2622 C","2622","#612d62"
"PANTONE 2563 C","2563","#cba5d7"
"PANTONE 2573 C","2573","#b583c7"
"PANTONE 2583 C","2583","#9f60b5"
"PANTONE 2593 C","2593","#83389b"
"PANTONE 2603 C","2603","#702785"
"PANTONE 2613 C","2613","#651f76"
"PANTONE 2623 C","2623","#5d2067"
"PANTONE 2567 C","2567","#bc9dd6"
"PANTONE 2577 C","2577","#a67dc8"
"PANTONE 2587 C","2587","#834cb1"
"PANTONE 2597 C","2597","#580f8b"
"PANTONE 2607 C","2607","#4f107a"
"PANTONE 2617 C","2617","#4b106f"
"PANTONE 2627 C","2627","#43165e"
"PANTONE 263 C","263","#ddcee8"
"PANTONE 264 C","264","#c2afe6"
"PANTONE 265 C","265","#8d6cd1"
"PANTONE 266 C","266","#673bb8"
"PANTONE 267 C","267","#512598"
"PANTONE 268 C","268","#502d7f"
"PANTONE 269 C","269","#4d3069"
"PANTONE 2635 C","2635","#c6b9e4"
"PANTONE 2645 C","2645","#ad98da"
"PANTONE 2655 C","2655","#9479d0"
"PANTONE 2665 C","2665","#7c5dc6"
"PANTONE Violet C","violet","#4814a0"
"PANTONE 2685 C","2685","#380982"
"PANTONE 2695 C","2695","#331e54"
"PANTONE 270 C","270","#b4b5dc"
"PANTONE 271 C","271","#9292ce"
"PANTONE 272 C","272","#7877c1"
"PANTONE 273 C","273","#221973"
"PANTONE 274 C","274","#1e155d"
"PANTONE 275 C","275","#1d1656"
"PANTONE 276 C","276","#211d3e"
"PANTONE 2705 C","2705","#a5a4df"
"PANTONE 2715 C","2715","#8985d5"
"PANTONE 2725 C","2725","#625bc4"
"PANTONE 2735 C","2735","#220090"
"PANTONE 2745 C","2745","#1e0476"
"PANTONE 2755 C","2755","#1d0d69"
"PANTONE 2765 C","2765","#191051"
"PANTONE 2706 C","2706","#cbd1e8"
"PANTONE 2716 C","2716","#9daae2"
"PANTONE 2726 C","2726","#485dc5"
"PANTONE 2736 C","2736","#1c29a7"
"PANTONE 2746 C","2746","#192791"
"PANTONE 2756 C","2756","#16216c"
"PANTONE 2766 C","2766","#172154"
"PANTONE 2707 C","2707","#c5d7ed"
"PANTONE 2717 C","2717","#a8c4eb"
"PANTONE 2727 C","2727","#3a7dda"
"PANTONE Blue 072 C","blue-072","#001ca8"
"PANTONE 2747 C","2747","#00257b"
"PANTONE 2757 C","2757","#002664"
"PANTONE 2767 C","2767","#162b48"
"PANTONE 2708 C","2708","#b3c7e7"
"PANTONE 2718 C","2718","#5585d7"
"PANTONE 2728 C","2728","#004ebc"
"PANTONE 2738 C","2738","#001e96"
"PANTONE 2748 C","2748","#002072"
"PANTONE 2758 C","2758","#032366"
"PANTONE 2768 C","2768","#0d204a"
"PANTONE 277 C","277","#aacae6"
"PANTONE 278 C","278","#8db9e5"
"PANTONE 279 C","279","#4791dc"
"PANTONE Reflex Blue C","reflex-blue","#002596"
"PANTONE 280 C","280","#002878"
"PANTONE 281 C","281","#002663"
"PANTONE 282 C","282","#002147"
"PANTONE 283 C","283","#97c5eb"
"PANTONE 284 C","284","#68ace5"
"PANTONE 285 C","285","#0072cf"
"PANTONE 286 C","286","#0039a6"
"PANTONE 287 C","287","#00338e"
"PANTONE 288 C","288","#002c76"
"PANTONE 289 C","289","#002144"
"PANTONE 290 C","290","#c0ddea"
"PANTONE 291 C","291","#9eceeb"
"PANTONE 292 C","292","#5eb0e5"
"PANTONE 293 C","293","#0046ad"
"PANTONE 294 C","294","#003479"
"PANTONE 295 C","295","#002e5f"
"PANTONE 296 C","296","#021e2f"
"PANTONE 2905 C","2905","#8dc9e8"
"PANTONE 2915 C","2915","#5bb4e5"
"PANTONE 2925 C","2925","#0096db"
"PANTONE 2935 C","2935","#005abb"
"PANTONE 2945 C","2945","#00539f"
"PANTONE 2955 C","2955","#003a69"
"PANTONE 2965 C","2965","#002b45"
"PANTONE 297 C","297","#6dc6e7"
"PANTONE 298 C","298","#34b6e4"
"PANTONE 299 C","299","#00a0df"
"PANTONE 300 C","300","#0063be"
"PANTONE 301 C","301","#005195"
"PANTONE 302 C","302","#004065"
"PANTONE 303 C","303","#003045"
"PANTONE 2975 C","2975","#a0dae8"
"PANTONE 2985 C","2985","#55c5e9"
"PANTONE 2995 C","2995","#00a8e1"
"PANTONE 3005 C","3005","#0078c9"
"PANTONE 3015 C","3015","#0065a2"
"PANTONE 3025 C","3025","#005072"
"PANTONE 3035 C","3035","#004054"
"PANTONE 304 C","304","#9fddea"
"PANTONE 305 C","305","#5fceea"
"PANTONE 306 C","306","#00b8e4"
"PANTONE Process Blue C","process-blue","#0085cf"
"PANTONE 307 C","307","#0072b1"
"PANTONE 308 C","308","#005a84"
"PANTONE 309 C","309","#003d4d"
"PANTONE 310 C","310","#6ad3e5"
"PANTONE 311 C","311","#00c4df"
"PANTONE 312 C","312","#00aad2"
"PANTONE 313 C","313","#0095c3"
"PANTONE 314 C","314","#0081ab"
"PANTONE 315 C","315","#006784"
"PANTONE 316 C","316","#004954"
"PANTONE 3105 C","3105","#6cd4e1"
"PANTONE 3115 C","3115","#00c4d9"
"PANTONE 3125 C","3125","#00aecb"
"PANTONE 3135 C","3135","#0091b5"
"PANTONE 3145 C","3145","#007a94"
"PANTONE 3155 C","3155","#006579"
"PANTONE 3165 C","3165","#004f5c"
"PANTONE 317 C","317","#b9e6e6"
"PANTONE 318 C","318","#8ddee4"
"PANTONE 319 C","319","#30cdd7"
"PANTONE 320 C","320","#0098aa"
"PANTONE 321 C","321","#008998"
"PANTONE 322 C","322","#00727d"
"PANTONE 323 C","323","#006066"
"PANTONE 324 C","324","#99dcd9"
"PANTONE 325 C","325","#60cdcb"
"PANTONE 326 C","326","#00b1ac"
"PANTONE 327 C","327","#008472"
"PANTONE 328 C","328","#007165"
"PANTONE 329 C","329","#00665b"
"PANTONE 330 C","330","#005652"
"PANTONE 3242 C","3242","#6cdbd6"
"PANTONE 3252 C","3252","#3bd4d0"
"PANTONE 3262 C","3262","#00beb7"
"PANTONE 3272 C","3272","#00a29b"
"PANTONE 3282 C","3282","#00857e"
"PANTONE 3292 C","3292","#005c56"
"PANTONE 3302 C","3302","#004d48"
"PANTONE 3245 C","3245","#7cded5"
"PANTONE 3255 C","3255","#29d4c7"
"PANTONE 3265 C","3265","#00c5b5"
"PANTONE 3275 C","3275","#00af9d"
"PANTONE 3285 C","3285","#009383"
"PANTONE 3295 C","3295","#00796b"
"PANTONE 3305 C","3305","#004d44"
"PANTONE 3248 C","3248","#7cd3c6"
"PANTONE 3258 C","3258","#4bc8b6"
"PANTONE 3268 C","3268","#00ad93"
"PANTONE 3278 C","3278","#009974"
"PANTONE 3288 C","3288","#008367"
"PANTONE 3298 C","3298","#006c56"
"PANTONE 3308 C","3308","#004438"
"PANTONE 331 C","331","#afe8db"
"PANTONE 332 C","332","#9fe6d9"
"PANTONE 333 C","333","#3fdac5"
"PANTONE Green C","green","#00aa86"
"PANTONE 334 C","334","#009879"
"PANTONE 335 C","335","#007e66"
"PANTONE 336 C","336","#006652"
"PANTONE 337 C","337","#98dac6"
"PANTONE 338 C","338","#73d1b7"
"PANTONE 339 C","339","#00b38a"
"PANTONE 340 C","340","#009661"
"PANTONE 341 C","341","#007c5a"
"PANTONE 342 C","342","#00694e"
"PANTONE 343 C","343","#005643"
"PANTONE 3375 C","3375","#7de1c3"
"PANTONE 3385 C","3385","#44d9b1"
"PANTONE 3395 C","3395","#00c58e"
"PANTONE 3405 C","3405","#00ad67"
"PANTONE 3415 C","3415","#007a50"
"PANTONE 3425 C","3425","#006544"
"PANTONE 3435 C","3435","#004631"
"PANTONE 344 C","344","#abdebe"
"PANTONE 345 C","345","#8ed7b0"
"PANTONE 346 C","346","#71cd9d"
"PANTONE 347 C","347","#009a49"
"PANTONE 348 C","348","#008444"
"PANTONE 349 C","349","#00693e"
"PANTONE 350 C","350","#274e37"
"PANTONE 351 C","351","#a3e6bd"
"PANTONE 352 C","352","#8ce1af"
"PANTONE 353 C","353","#79dea8"
"PANTONE 354 C","354","#00ae42"
"PANTONE 355 C","355","#009a3d"
"PANTONE 356 C","356","#007836"
"PANTONE 357 C","357","#235937"
"PANTONE 358 C","358","#a8dc93"
"PANTONE 359 C","359","#a1d88b"
"PANTONE 360 C","360","#5cc151"
"PANTONE 361 C","361","#2eb135"
"PANTONE 362 C","362","#3d9b35"
"PANTONE 363 C","363","#39892f"
"PANTONE 364 C","364","#417630"
"PANTONE 365 C","365","#c9e39c"
"PANTONE 366 C","366","#bce08a"
"PANTONE 367 C","367","#a3d869"
"PANTONE 368 C","368","#66bc29"
"PANTONE 369 C","369","#55a51c"
"PANTONE 370 C","370","#5a8e22"
"PANTONE 371 C","371","#53682b"
"PANTONE 372 C","372","#d7eb9c"
"PANTONE 373 C","373","#cfea8b"
"PANTONE 374 C","374","#c1e770"
"PANTONE 375 C","375","#8fd400"
"PANTONE 376 C","376","#77b800"
"PANTONE 377 C","377","#719500"
"PANTONE 378 C","378","#545f1d"
"PANTONE 379 C","379","#e2e86f"
"PANTONE 380 C","380","#d7e241"
"PANTONE 381 C","381","#c9dd09"
"PANTONE 382 C","382","#bed600"
"PANTONE 383 C","383","#a2ad00"
"PANTONE 384 C","384","#8e9300"
"PANTONE 385 C","385","#726f22"
"PANTONE 386 C","386","#e8eb70"
"PANTONE 387 C","387","#e0e730"
"PANTONE 388 C","388","#d9e408"
"PANTONE 389 C","389","#ccdc00"
"PANTONE 390 C","390","#b5bf00"
"PANTONE 391 C","391","#9c9a00"
"PANTONE 392 C","392","#7e7a00"
"PANTONE 393 C","393","#f0ec83"
"PANTONE 394 C","394","#ede944"
"PANTONE 395 C","395","#e8e700"
"PANTONE 396 C","396","#e0df00"
"PANTONE 397 C","397","#c1bb00"
"PANTONE 398 C","398","#aea500"
"PANTONE 399 C","399","#9c9100"
"PANTONE 3935 C","3935","#f4ed73"
"PANTONE 3945 C","3945","#f3e800"
"PANTONE 3955 C","3955","#eadf00"
"PANTONE 3965 C","3965","#e3d700"
"PANTONE 3975 C","3975","#b6a400"
"PANTONE 3985 C","3985","#988600"
"PANTONE 3995 C","3995","#6a5e16"
"PANTONE 400 C","400","#ccc7c0"
"PANTONE 401 C","401","#b7b1a9"
"PANTONE 402 C","402","#a9a39b"
"PANTONE 403 C","403","#938b82"
"PANTONE 404 C","404","#776f67"
"PANTONE 405 C","405","#5f574f"
"PANTONE Black C","black","#2a2723"
"PANTONE 406 C","406","#cec6c0"
"PANTONE 407 C","407","#b6aca7"
"PANTONE 408 C","408","#a49791"
"PANTONE 409 C","409","#8d817b"
"PANTONE 410 C","410","#786a65"
"PANTONE 411 C","411","#5e4f4a"
"PANTONE 412 C","412","#342b2a"
"PANTONE 413 C","413","#c6c6bc"
"PANTONE 414 C","414","#b1b0a7"
"PANTONE 415 C","415","#989a90"
"PANTONE 416 C","416","#83847b"
"PANTONE 417 C","417","#6d6e65"
"PANTONE 418 C","418","#575850"
"PANTONE 419 C","419","#1c1e1c"
"PANTONE 420 C","420","#d0cfcb"
"PANTONE 421 C","421","#b5b7b4"
"PANTONE 422 C","422","#a2a5a4"
"PANTONE 423 C","423","#8e908f"
"PANTONE 424 C","424","#6c6f70"
"PANTONE 425 C","425","#575a5d"
"PANTONE 426 C","426","#191c1e"
"PANTONE 427 C","427","#d1d4d3"
"PANTONE 428 C","428","#c4c7c8"
"PANTONE 429 C","429","#a5acb0"
"PANTONE 430 C","430","#828a8f"
"PANTONE 431 C","431","#5e6a72"
"PANTONE 432 C","432","#36424a"
"PANTONE 433 C","433","#1b232a"
"PANTONE 434 C","434","#cfc4c3"
"PANTONE 435 C","435","#c2b2b5"
"PANTONE 436 C","436","#b1a0a5"
"PANTONE 437 C","437","#7e696d"
"PANTONE 438 C","438","#4f3d3f"
"PANTONE 439 C","439","#413231"
"PANTONE 440 C","440","#2f2726"
"PANTONE 441 C","441","#bcc5c1"
"PANTONE 442 C","442","#a7b2b1"
"PANTONE 443 C","443","#929d9e"
"PANTONE 444 C","444","#717f81"
"PANTONE 445 C","445","#4b5457"
"PANTONE 446 C","446","#3e4545"
"PANTONE 447 C","447","#343735"
"PANTONE Warm Gray 1 C","warm-gray-1","#e0ded9"
"PANTONE Warm Gray 2 C","warm-gray-2","#d7d2cb"
"PANTONE Warm Gray 3 C","warm-gray-3","#c7c2bc"
"PANTONE Warm Gray 4 C","warm-gray-4","#b9b1a9"
"PANTONE Warm Gray 5 C","warm-gray-5","#afa79f"
"PANTONE Warm Gray 6 C","warm-gray-6","#a79d96"
"PANTONE Warm Gray 7 C","warm-gray-7","#998f86"
"PANTONE Warm Gray 8 C","warm-gray-8","#8b8078"
"PANTONE Warm Gray 9 C","warm-gray-9","#837870"
"PANTONE Warm Gray 10 C","warm-gray-10","#766a63"
"PANTONE Warm Gray 11 C","warm-gray-11","#685c53"
"PANTONE Cool Gray 1 C","cool-gray-1","#e2e1dd"
"PANTONE Cool Gray 2 C","cool-gray-2","#d6d6d4"
"PANTONE Cool Gray 3 C","cool-gray-3","#cacac8"
"PANTONE Cool Gray 4 C","cool-gray-4","#bdbdbd"
"PANTONE Cool Gray 5 C","cool-gray-5","#b3b3b3"
"PANTONE Cool Gray 6 C","cool-gray-6","#afafaf"
"PANTONE Cool Gray 7 C","cool-gray-7","#9a9b9d"
"PANTONE Cool Gray 8 C","cool-gray-8","#8c8d8e"
"PANTONE Cool Gray 9 C","cool-gray-9","#747679"
"PANTONE Cool Gray 10 C","cool-gray-10","#616265"
"PANTONE Cool Gray 11 C","cool-gray-11","#4d4f53"
"PANTONE Black 2 C","black-2","#3d3524"
"PANTONE Black 3 C","black-3","#262c26"
"PANTONE Black 4 C","black-4","#382d24"
"PANTONE Black 5 C","black-5","#453135"
"PANTONE Black 6 C","black-6","#111c23"
"PANTONE Black 7 C","black-7","#373534"
"PANTONE 448 C","448","#4d442e"
"PANTONE 449 C","449","#4f4727"
"PANTONE 450 C","450","#524b26"
"PANTONE 451 C","451","#9d986d"
"PANTONE 452 C","452","#b6b28e"
"PANTONE 453 C","453","#c4c1a0"
"PANTONE 454 C","454","#d2d0b5"
"PANTONE 4485 C","4485","#5c4a1f"
"PANTONE 4495 C","4495","#836e2c"
"PANTONE 4505 C","4505","#998643"
"PANTONE 4515 C","4515","#b7a66d"
"PANTONE 4525 C","4525","#c8bb89"
"PANTONE 4535 C","4535","#d3c89d"
"PANTONE 4545 C","4545","#ded6b3"
"PANTONE 455 C","455","#66561e"
"PANTONE 456 C","456","#9c841a"
"PANTONE 457 C","457","#b49400"
"PANTONE 458 C","458","#decd6a"
"PANTONE 459 C","459","#e4d478"
"PANTONE 460 C","460","#e7dc90"
"PANTONE 461 C","461","#eae3aa"
"PANTONE 462 C","462","#59452a"
"PANTONE 463 C","463","#6f4c23"
"PANTONE 464 C","464","#855b27"
"PANTONE 465 C","465","#b6985e"
"PANTONE 466 C","466","#c9b280"
"PANTONE 467 C","467","#d5c296"
"PANTONE 468 C","468","#ded3b0"
"PANTONE 4625 C","4625","#522c1b"
"PANTONE 4635 C","4635","#945e3a"
"PANTONE 4645 C","4645","#b07e5b"
"PANTONE 4655 C","4655","#be9272"
"PANTONE 4665 C","4665","#cea98d"
"PANTONE 4675 C","4675","#ddc0a8"
"PANTONE 4685 C","4685","#e4cdb9"
"PANTONE 469 C","469","#61361d"
"PANTONE 470 C","470","#a05324"
"PANTONE 471 C","471","#b65518"
"PANTONE 472 C","472","#e69b6b"
"PANTONE 473 C","473","#f1bf9c"
"PANTONE 474 C","474","#f3c4a2"
"PANTONE 475 C","475","#f2cdaf"
"PANTONE 4695 C","4695","#542d24"
"PANTONE 4705 C","4705","#7a4a39"
"PANTONE 4715 C","4715","#986d5b"
"PANTONE 4725 C","4725","#ae8877"
"PANTONE 4735 C","4735","#c3a495"
"PANTONE 4745 C","4745","#cfb5a7"
"PANTONE 4755 C","4755","#d9c7ba"
"PANTONE 476 C","476","#4e3227"
"PANTONE 477 C","477","#603526"
"PANTONE 478 C","478","#753c29"
"PANTONE 479 C","479","#ab7f66"
"PANTONE 480 C","480","#caac97"
"PANTONE 481 C","481","#d6bdaa"
"PANTONE 482 C","482","#dcc8b6"
"PANTONE 483 C","483","#6a3327"
"PANTONE 484 C","484","#9c3022"
"PANTONE 485 C","485","#dc291e"
"PANTONE 486 C","486","#ed8e78"
"PANTONE 487 C","487","#efa690"
"PANTONE 488 C","488","#f0bdaa"
"PANTONE 489 C","489","#efc9b8"
"PANTONE 490 C","490","#5c2b2e"
"PANTONE 491 C","491","#7b3136"
"PANTONE 492 C","492","#8d363b"
"PANTONE 493 C","493","#d98695"
"PANTONE 494 C","494","#e6a1ae"
"PANTONE 495 C","495","#efb9c3"
"PANTONE 496 C","496","#f1c5cb"
"PANTONE 497 C","497","#4e2e2c"
"PANTONE 498 C","498","#693835"
"PANTONE 499 C","499","#763c36"
"PANTONE 500 C","500","#c6868e"
"PANTONE 501 C","501","#dba8ad"
"PANTONE 502 C","502","#e7c0c5"
"PANTONE 503 C","503","#ebcacd"
"PANTONE 4975 C","4975","#462324"
"PANTONE 4985 C","4985","#854d53"
"PANTONE 4995 C","4995","#9e676f"
"PANTONE 5005 C","5005","#b8858d"
"PANTONE 5015 C","5015","#d0a8ad"
"PANTONE 5025 C","5025","#dbbbbe"
"PANTONE 5035 C","5035","#e3cacb"
"PANTONE 504 C","504","#5a2c34"
"PANTONE 505 C","505","#702e3d"
"PANTONE 506 C","506","#843549"
"PANTONE 507 C","507","#d691a8"
"PANTONE 508 C","508","#e4acbe"
"PANTONE 509 C","509","#e9b8c6"
"PANTONE 510 C","510","#ebc1cd"
"PANTONE 511 C","511","#5f294f"
"PANTONE 512 C","512","#78256f"
"PANTONE 513 C","513","#902b8c"
"PANTONE 514 C","514","#d38bc8"
"PANTONE 515 C","515","#e3acd7"
"PANTONE 516 C","516","#eabcdd"
"PANTONE 517 C","517","#ebc7df"
"PANTONE 5115 C","5115","#4d2942"
"PANTONE 5125 C","5125","#6d4061"
"PANTONE 5135 C","5135","#875f7f"
"PANTONE 5145 C","5145","#a17f9a"
"PANTONE 5155 C","5155","#c5acbe"
"PANTONE 5165 C","5165","#d6c5d1"
"PANTONE 5175 C","5175","#dbcbd5"
"PANTONE 518 C","518","#51324e"
"PANTONE 519 C","519","#5c3160"
"PANTONE 520 C","520","#6c3a77"
"PANTONE 521 C","521","#ad8ab8"
"PANTONE 522 C","522","#c1a4ca"
"PANTONE 523 C","523","#cdb8d5"
"PANTONE 524 C","524","#d9c8dc"
"PANTONE 5185 C","5185","#4b3242"
"PANTONE 5195 C","5195","#654458"
"PANTONE 5205 C","5205","#8a697c"
"PANTONE 5215 C","5215","#af95a3"
"PANTONE 5225 C","5225","#c6afb9"
"PANTONE 5235 C","5235","#d2c1c7"
"PANTONE 5245 C","5245","#ded4d7"
"PANTONE 525 C","525","#552e5f"
"PANTONE 526 C","526","#682e86"
"PANTONE 527 C","527","#752fa4"
"PANTONE 528 C","528","#b080d0"
"PANTONE 529 C","529","#c7a3de"
"PANTONE 530 C","530","#d5b7e1"
"PANTONE 531 C","531","#dec5e4"
"PANTONE 5255 C","5255","#282445"
"PANTONE 5265 C","5265","#3f3a65"
"PANTONE 5275 C","5275","#57517b"
"PANTONE 5285 C","5285","#8684a4"
"PANTONE 5295 C","5295","#afadc3"
"PANTONE 5305 C","5305","#c1bfd0"
"PANTONE 5315 C","5315","#d2d3dd"
"PANTONE 532 C","532","#2a2b39"
"PANTONE 533 C","533","#22314e"
"PANTONE 534 C","534","#293e6b"
"PANTONE 535 C","535","#91a1be"
"PANTONE 536 C","536","#a6b2c8"
"PANTONE 537 C","537","#c0c8d6"
"PANTONE 538 C","538","#ced4dd"
"PANTONE 539 C","539","#002942"
"PANTONE 540 C","540","#00325b"
"PANTONE 541 C","541","#003e74"
"PANTONE 542 C","542","#639ec8"
"PANTONE 543 C","543","#9ec3df"
"PANTONE 544 C","544","#b7d1e3"
"PANTONE 545 C","545","#c4d8e5"
"PANTONE 5395 C","5395","#041f2e"
"PANTONE 5405 C","5405","#44687d"
"PANTONE 5415 C","5415","#5a7e92"
"PANTONE 5425 C","5425","#7e99aa"
"PANTONE 5435 C","5435","#a8bbc6"
"PANTONE 5445 C","5445","#bac9d1"
"PANTONE 5455 C","5455","#c5d3d7"
"PANTONE 546 C","546","#00323c"
"PANTONE 547 C","547","#003846"
"PANTONE 548 C","548","#004151"
"PANTONE 549 C","549","#5f9baf"
"PANTONE 550 C","550","#8cb7c7"
"PANTONE 551 C","551","#a1c4d0"
"PANTONE 552 C","552","#bed5db"
"PANTONE 5463 C","5463","#002d36"
"PANTONE 5473 C","5473","#0f6470"
"PANTONE 5483 C","5483","#569099"
"PANTONE 5493 C","5493","#82aeb6"
"PANTONE 5503 C","5503","#99bec4"
"PANTONE 5513 C","5513","#b5d0d2"
"PANTONE 5523 C","5523","#c2d8d7"
"PANTONE 5467 C","5467","#1c3632"
"PANTONE 5477 C","5477","#3f5c57"
"PANTONE 5487 C","5487","#627d79"
"PANTONE 5497 C","5497","#8a9e99"
"PANTONE 5507 C","5507","#a8b8b4"
"PANTONE 5517 C","5517","#bac7c4"
"PANTONE 5527 C","5527","#c9d4d1"
"PANTONE 553 C","553","#214232"
"PANTONE 554 C","554","#1f5b42"
"PANTONE 555 C","555","#226b49"
"PANTONE 556 C","556","#71a28a"
"PANTONE 557 C","557","#91b9a4"
"PANTONE 558 C","558","#aac8b7"
"PANTONE 559 C","559","#bcd2c3"
"PANTONE 5535 C","5535","#1f3730"
"PANTONE 5545 C","5545","#486b60"
"PANTONE 5555 C","5555","#688a7e"
"PANTONE 5565 C","5565","#89a79e"
"PANTONE 5575 C","5575","#a1b9af"
"PANTONE 5585 C","5585","#b8cbc2"
"PANTONE 5595 C","5595","#cad8d0"
"PANTONE 560 C","560","#22413a"
"PANTONE 561 C","561","#0f5e55"
"PANTONE 562 C","562","#007770"
"PANTONE 563 C","563","#76bab2"
"PANTONE 564 C","564","#97ccc4"
"PANTONE 565 C","565","#b3d9d3"
"PANTONE 566 C","566","#c8e2dc"
"PANTONE 5605 C","5605","#213629"
"PANTONE 5615 C","5615","#5a6f5e"
"PANTONE 5625 C","5625","#728574"
"PANTONE 5635 C","5635","#97a697"
"PANTONE 5645 C","5645","#afbbae"
"PANTONE 5655 C","5655","#bdc6ba"
"PANTONE 5665 C","5665","#c9d0c6"
"PANTONE 567 C","567","#18453b"
"PANTONE 568 C","568","#00685d"
"PANTONE 569 C","569","#008478"
"PANTONE 570 C","570","#74c9be"
"PANTONE 571 C","571","#9fdad1"
"PANTONE 572 C","572","#b1dfd7"
"PANTONE 573 C","573","#bee3db"
"PANTONE 574 C","574","#435026"
"PANTONE 575 C","575","#567632"
"PANTONE 576 C","576","#69913b"
"PANTONE 577 C","577","#adc687"
"PANTONE 578 C","578","#b9cf96"
"PANTONE 579 C","579","#c1d39f"
"PANTONE 580 C","580","#cedbaf"
"PANTONE 5743 C","5743","#414929"
"PANTONE 5753 C","5753","#5b6335"
"PANTONE 5763 C","5763","#6e7544"
"PANTONE 5773 C","5773","#91976c"
"PANTONE 5783 C","5783","#a9af89"
"PANTONE 5793 C","5793","#b9be9e"
"PANTONE 5803 C","5803","#cbcfb4"
"PANTONE 5747 C","5747","#3f4519"
"PANTONE 5757 C","5757","#6b6f2a"
"PANTONE 5767 C","5767","#8b8e4b"
"PANTONE 5777 C","5777","#a3a86b"
"PANTONE 5787 C","5787","#bfc292"
"PANTONE 5797 C","5797","#cacca2"
"PANTONE 5807 C","5807","#d9dabb"
"PANTONE 581 C","581","#5b5618"
"PANTONE 582 C","582","#898700"
"PANTONE 583 C","583","#aab300"
"PANTONE 584 C","584","#ced54b"
"PANTONE 585 C","585","#dbde72"
"PANTONE 586 C","586","#dfe283"
"PANTONE 587 C","587","#e3e597"
"PANTONE 5815 C","5815","#4b471a"
"PANTONE 5825 C","5825","#847c35"
"PANTONE 5835 C","5835","#a19c5a"
"PANTONE 5845 C","5845","#afaa6d"
"PANTONE 5855 C","5855","#c5c08e"
"PANTONE 5865 C","5865","#cfcca1"
"PANTONE 5875 C","5875","#d6d4ae"
"PANTONE 600 C","600","#eeebac"
"PANTONE 601 C","601","#eeea9d"
"PANTONE 602 C","602","#eee88d"
"PANTONE 603 C","603","#eee254"
"PANTONE 604 C","604","#ecde29"
"PANTONE 605 C","605","#e2cc00"
"PANTONE 606 C","606","#d5bb00"
"PANTONE 607 C","607","#ece8b2"
"PANTONE 608 C","608","#eae59f"
"PANTONE 609 C","609","#e7e189"
"PANTONE 610 C","610","#e1d761"
"PANTONE 611 C","611","#d7c834"
"PANTONE 612 C","612","#c2af00"
"PANTONE 613 C","613","#b19b00"
"PANTONE 614 C","614","#e2deae"
"PANTONE 615 C","615","#dbd59c"
"PANTONE 616 C","616","#d4ce8d"
"PANTONE 617 C","617","#c7be71"
"PANTONE 618 C","618","#afa345"
"PANTONE 619 C","619","#9c8f30"
"PANTONE 620 C","620","#897a1a"
"PANTONE 621 C","621","#d0dfd7"
"PANTONE 622 C","622","#b8cec4"
"PANTONE 623 C","623","#9bbbb0"
"PANTONE 624 C","624","#7ba296"
"PANTONE 625 C","625","#558476"
"PANTONE 626 C","626","#295d50"
"PANTONE 627 C","627","#0e352d"
"PANTONE 628 C","628","#c0e2e6"
"PANTONE 629 C","629","#9fd7e1"
"PANTONE 630 C","630","#81ccdd"
"PANTONE 631 C","631","#34b5d0"
"PANTONE 632 C","632","#009abc"
"PANTONE 633 C","633","#007da4"
"PANTONE 634 C","634","#006690"
"PANTONE 635 C","635","#acdee7"
"PANTONE 636 C","636","#8ed5e7"
"PANTONE 637 C","637","#4dc5e2"
"PANTONE 638 C","638","#00aed8"
"PANTONE 639 C","639","#0098cd"
"PANTONE 640 C","640","#0080bc"
"PANTONE 641 C","641","#0071b2"
"PANTONE 642 C","642","#d2dde4"
"PANTONE 643 C","643","#c2d3df"
"PANTONE 644 C","644","#92b1cd"
"PANTONE 645 C","645","#729abd"
"PANTONE 646 C","646","#5381ac"
"PANTONE 647 C","647","#125687"
"PANTONE 648 C","648","#002859"
"PANTONE 649 C","649","#d7e0e8"
"PANTONE 650 C","650","#c6d2e1"
"PANTONE 651 C","651","#9cb1ce"
"PANTONE 652 C","652","#6f90b8"
"PANTONE 653 C","653","#20558a"
"PANTONE 654 C","654","#002c5f"
"PANTONE 655 C","655","#00204e"
"PANTONE 656 C","656","#d9e2ea"
"PANTONE 657 C","657","#c5d6e8"
"PANTONE 658 C","658","#a8c0e2"
"PANTONE 659 C","659","#6e99d4"
"PANTONE 660 C","660","#2a6ebb"
"PANTONE 661 C","661","#003592"
"PANTONE 662 C","662","#001d77"
"PANTONE 663 C","663","#e1dce3"
"PANTONE 664 C","664","#ddd8e4"
"PANTONE 665 C","665","#c8bdd2"
"PANTONE 666 C","666","#a192b4"
"PANTONE 667 C","667","#7a6691"
"PANTONE 668 C","668","#624d7d"
"PANTONE 669 C","669","#422e5d"
"PANTONE 670 C","670","#ebd4e2"
"PANTONE 671 C","671","#e9c0da"
"PANTONE 672 C","672","#e2a4ca"
"PANTONE 673 C","673","#da88b7"
"PANTONE 674 C","674","#cb5e9b"
"PANTONE 675 C","675","#b22873"
"PANTONE 676 C","676","#9b0254"
"PANTONE 677 C","677","#e5d0dc"
"PANTONE 678 C","678","#e2c6d6"
"PANTONE 679 C","679","#e0bed3"
"PANTONE 680 C","680","#ca96b5"
"PANTONE 681 C","681","#b67499"
"PANTONE 682 C","682","#984874"
"PANTONE 683 C","683","#7a2953"
"PANTONE 684 C","684","#e4c5d1"
"PANTONE 685 C","685","#e0b8cb"
"PANTONE 686 C","686","#d7a5bd"
"PANTONE 687 C","687","#c486a6"
"PANTONE 688 C","688","#b26b92"
"PANTONE 689 C","689","#92406d"
"PANTONE 690 C","690","#661f43"
"PANTONE 691 C","691","#ebd3d7"
"PANTONE 692 C","692","#e4c2c8"
"PANTONE 693 C","693","#daabb4"
"PANTONE 694 C","694","#ca8d9a"
"PANTONE 695 C","695","#b56f7e"
"PANTONE 696 C","696","#914452"
"PANTONE 697 C","697","#853c47"
"PANTONE 698 C","698","#f0d6db"
"PANTONE 699 C","699","#f1c5cd"
"PANTONE 700 C","700","#efabb9"
"PANTONE 701 C","701","#e58a9e"
"PANTONE 702 C","702","#d46179"
"PANTONE 703 C","703","#ba3a4f"
"PANTONE 704 C","704","#a62d38"
"PANTONE 705 C","705","#f3dbdf"
"PANTONE 706 C","706","#f5c9d3"
"PANTONE 707 C","707","#f7b3c1"
"PANTONE 708 C","708","#f58da2"
"PANTONE 709 C","709","#ef6782"
"PANTONE 710 C","710","#e34761"
"PANTONE 711 C","711","#d53044"
"PANTONE 712 C","712","#facca5"
"PANTONE 713 C","713","#fbc496"
"PANTONE 714 C","714","#fcb073"
"PANTONE 715 C","715","#fa943e"
"PANTONE 716 C","716","#f07b05"
"PANTONE 717 C","717","#dd6000"
"PANTONE 718 C","718","#cb4f00"
"PANTONE 719 C","719","#eed0b4"
"PANTONE 720 C","720","#ebc09a"
"PANTONE 721 C","721","#e3ae81"
"PANTONE 722 C","722","#d08a4e"
"PANTONE 723 C","723","#bd712d"
"PANTONE 724 C","724","#974b06"
"PANTONE 725 C","725","#823e0c"
"PANTONE 726 C","726","#e7cbb1"
"PANTONE 727 C","727","#deba9a"
"PANTONE 728 C","728","#d3a985"
"PANTONE 729 C","729","#be8b5e"
"PANTONE 730 C","730","#a96f3e"
"PANTONE 731 C","731","#733e13"
"PANTONE 732 C","732","#603314"
"PANTONE 7401 C","7401","#f2e3bc"
"PANTONE 7402 C","7402","#eddd9e"
"PANTONE 7403 C","7403","#ebce7b"
"PANTONE 7404 C","7404","#f5d312"
"PANTONE 7405 C","7405","#edc200"
"PANTONE 7406 C","7406","#edb700"
"PANTONE 7407 C","7407","#cc9c4a"
"PANTONE 7408 C","7408","#f4af00"
"PANTONE 7409 C","7409","#f3ae00"
"PANTONE 7410 C","7410","#fea770"
"PANTONE 7411 C","7411","#e6a158"
"PANTONE 7412 C","7412","#cf7a30"
"PANTONE 7413 C","7413","#d97a23"
"PANTONE 7414 C","7414","#ba6318"
"PANTONE 7415 C","7415","#e8baa5"
"PANTONE 7416 C","7416","#e6674a"
"PANTONE 7417 C","7417","#e34e35"
"PANTONE 7418 C","7418","#c64e52"
"PANTONE 7419 C","7419","#a94a58"
"PANTONE 7420 C","7420","#9c223f"
"PANTONE 7421 C","7421","#61162d"
"PANTONE 7422 C","7422","#f2d5db"
"PANTONE 7423 C","7423","#e4678a"
"PANTONE 7424 C","7424","#de3f7d"
"PANTONE 7425 C","7425","#bd295a"
"PANTONE 7426 C","7426","#b01a48"
"PANTONE 7427 C","7427","#9c132e"
"PANTONE 7428 C","7428","#712d41"
"PANTONE 7429 C","7429","#e6c4d1"
"PANTONE 7430 C","7430","#deaec2"
"PANTONE 7431 C","7431","#ce8aa6"
"PANTONE 7432 C","7432","#ba6083"
"PANTONE 7433 C","7433","#ad4068"
"PANTONE 7434 C","7434","#9a3056"
"PANTONE 7435 C","7435","#85244e"
"PANTONE 7436 C","7436","#e8d6e3"
"PANTONE 7437 C","7437","#cfb1d1"
"PANTONE 7438 C","7438","#d29ad6"
"PANTONE 7439 C","7439","#b68fbb"
"PANTONE 7440 C","7440","#a379a9"
"PANTONE 7441 C","7441","#9961c3"
"PANTONE 7442 C","7442","#8937b9"
"PANTONE 7443 C","7443","#d9d8e4"
"PANTONE 7444 C","7444","#b7badb"
"PANTONE 7445 C","7445","#a6a2c6"
"PANTONE 7446 C","7446","#908cca"
"PANTONE 7447 C","7447","#5b447a"
"PANTONE 7448 C","7448","#4a3650"
"PANTONE 7449 C","7449","#3d263a"
"PANTONE 7450 C","7450","#bcc3db"
"PANTONE 7451 C","7451","#88a7e1"
"PANTONE 7452 C","7452","#7f93dc"
"PANTONE 7453 C","7453","#79a3d8"
"PANTONE 7454 C","7454","#6391b5"
"PANTONE 7455 C","7455","#3b60af"
"PANTONE 7456 C","7456","#6773b7"
"PANTONE 7457 C","7457","#c8e2ea"
"PANTONE 7458 C","7458","#6eb4cd"
"PANTONE 7459 C","7459","#2c95b5"
"PANTONE 7460 C","7460","#0086c5"
"PANTONE 7461 C","7461","#0082c0"
"PANTONE 7462 C","7462","#005a8c"
"PANTONE 7463 C","7463","#003050"
"PANTONE 7464 C","7464","#9ed6d3"
"PANTONE 7465 C","7465","#2bc4b6"
"PANTONE 7466 C","7466","#00b1c1"
"PANTONE 7467 C","7467","#00a5b6"
"PANTONE 7468 C","7468","#00759b"
"PANTONE 7469 C","7469","#005c84"
"PANTONE 7470 C","7470","#005c6f"
"PANTONE 7471 C","7471","#7bddd8"
"PANTONE 7472 C","7472","#55bab7"
"PANTONE 7473 C","7473","#0c9b8c"
"PANTONE 7474 C","7474","#007987"
"PANTONE 7475 C","7475","#447e81"
"PANTONE 7476 C","7476","#005058"
"PANTONE 7477 C","7477","#20505f"
"PANTONE 7478 C","7478","#9fe5c3"
"PANTONE 7479 C","7479","#20d081"
"PANTONE 7480 C","7480","#00c375"
"PANTONE 7481 C","7481","#00b74f"
"PANTONE 7482 C","7482","#00a353"
"PANTONE 7483 C","7483","#235d37"
"PANTONE 7484 C","7484","#00573d"
"PANTONE 7485 C","7485","#d9e4cd"
"PANTONE 7486 C","7486","#c4e4a5"
"PANTONE 7487 C","7487","#96df73"
"PANTONE 7488 C","7488","#70d551"
"PANTONE 7489 C","7489","#73ae57"
"PANTONE 7490 C","7490","#6c953c"
"PANTONE 7491 C","7491","#738539"
"PANTONE 7492 C","7492","#c9d18b"
"PANTONE 7493 C","7493","#bbc695"
"PANTONE 7494 C","7494","#9db290"
"PANTONE 7495 C","7495","#899639"
"PANTONE 7496 C","7496","#6a8012"
"PANTONE 7497 C","7497","#766e54"
"PANTONE 7498 C","7498","#4f552a"
"PANTONE 7499 C","7499","#eee8c5"
"PANTONE 7500 C","7500","#e3d8b9"
"PANTONE 7501 C","7501","#dcceab"
"PANTONE 7502 C","7502","#d4bf95"
"PANTONE 7503 C","7503","#aa9d71"
"PANTONE 7504 C","7504","#94785b"
"PANTONE 7505 C","7505","#856343"
"PANTONE 7506 C","7506","#eedebb"
"PANTONE 7507 C","7507","#f8d7a5"
"PANTONE 7508 C","7508","#e4c08b"
"PANTONE 7509 C","7509","#dbac6d"
"PANTONE 7510 C","7510","#cb8f42"
"PANTONE 7511 C","7511","#b47015"
"PANTONE 7512 C","7512","#a45d0e"
"PANTONE 7513 C","7513","#e8bfad"
"PANTONE 7514 C","7514","#daa990"
"PANTONE 7515 C","7515","#cb9372"
"PANTONE 7516 C","7516","#9c552d"
"PANTONE 7517 C","7517","#87431e"
"PANTONE 7518 C","7518","#6e5048"
"PANTONE 7519 C","7519","#645246"
"PANTONE 7520 C","7520","#ebc4b7"
"PANTONE 7521 C","7521","#c8a695"
"PANTONE 7522 C","7522","#ba735d"
"PANTONE 7523 C","7523","#af675e"
"PANTONE 7524 C","7524","#a8594c"
"PANTONE 7525 C","7525","#9f6d51"
"PANTONE 7526 C","7526","#913d1e"
"PANTONE 7527 C","7527","#dad6cb"
"PANTONE 7528 C","7528","#cbc0b7"
"PANTONE 7529 C","7529","#beb2a6"
"PANTONE 7530 C","7530","#ab9c8f"
"PANTONE 7531 C","7531","#857362"
"PANTONE 7532 C","7532","#675545"
"PANTONE 7533 C","7533","#4b3c30"
"PANTONE 7534 C","7534","#d7d3c8"
"PANTONE 7535 C","7535","#bfb9a7"
"PANTONE 7536 C","7536","#aba48f"
"PANTONE 7537 C","7537","#aeb4ac"
"PANTONE 7538 C","7538","#9da299"
"PANTONE 7539 C","7539","#999a98"
"PANTONE 7540 C","7540","#5f6168"
"PANTONE 7541 C","7541","#dfe5e6"
"PANTONE 7542 C","7542","#acc0c7"
"PANTONE 7543 C","7543","#a5aeb6"
"PANTONE 7544 C","7544","#8996a0"
"PANTONE 7545 C","7545","#51626f"
"PANTONE 7546 C","7546","#394a59"
"PANTONE 7547 C","7547","#1a2732"
"PANTONE 801 C","801","#00aed9"
"PANTONE 802 C","802","#53da3f"
"PANTONE 803 C","803","#ffe71a"
"PANTONE 804 C","804","#ff983a"
"PANTONE 805 C","805","#ff535b"
"PANTONE 806 C","806","#ff17a3"
"PANTONE 807 C","807","#dd0ab2"
"PANTONE 808 C","808","#00b091"
"PANTONE 809 C","809","#e2e100"
"PANTONE 810 C","810","#ffc70e"
"PANTONE 811 C","811","#ff663f"
"PANTONE 812 C","812","#ff256c"
"PANTONE 813 C","813","#ee0ba9"
"PANTONE 814 C","814","#7c5ccb"
"PANTONE 871 C","871","#917b4c"
"PANTONE 872 C","872","#8d744a"
"PANTONE 873 C","873","#95774c"
"PANTONE 874 C","874","#8f6f4d"
"PANTONE 875 C","875","#8e684c"
"PANTONE 876 C","876","#95664c"
"PANTONE 877 C","877","#84888b"
"PANTONE 8003 C","8003","#867a6f"
"PANTONE 8021 C","8021","#947769"
"PANTONE 8062 C","8062","#97717e"
"PANTONE 8100 C","8100","#87778a"
"PANTONE 8201 C","8201","#617f90"
"PANTONE 8281 C","8281","#718b88"
"PANTONE 8321 C","8321","#7b8a74"