"PANTONE Yellow U","yellow","#ffe800"
"PANTONE Yellow 012 U","yellow-012","#ffe100"
"PANTONE Orange 021 U","orange-021","#ff6d2e"
"PANTONE Warm Red U","warm-red","#ff685e"
"PANTONE Red 032 U","red-032","#fc5158"
"PANTONE Rubine Red U","rubine-red","#e3467e"
"PANTONE Rhodamine Red U","rhodamine-red","#ea4e98"
"PANTONE Purple U","purple","#c553b5"
"PANTONE Violet U","violet","#775ab1"
"PANTONE Blue 072 U","blue-072","#3b45ac"
"PANTONE Reflex Blue U","reflex-blue","#374a9c"
"PANTONE Process Blue U","process-blue","#0082c4"
"PANTONE Green U","green","#00aa90"
"PANTONE Black U","black","#625e59"
"PANTONE Yellow 0131 U","yellow-0131","#fcf59c"
"PANTONE Red 0331 U","red-0331","#ffb2be"
"PANTONE Magenta 0521 U","magenta-0521","#fbaadd"
"PANTONE Violet 0631 U","violet-0631","#bc94de"
"PANTONE Blue 0821 U","blue-0821","#67d0ee"
"PANTONE Green 0921 U","green-0921","#72e5d2"
"PANTONE Black 0961 U","black-0961","#9d9995"
"PANTONE 801 U","801","#009acf"
"PANTONE 802 U","802","#2bd03e"
"PANTONE 803 U","803","#ffe918"
"PANTONE 804 U","804","#ffac53"
"PANTONE 805 U","805","#ff7377"
"PANTONE 806 U","806","#ff4ab0"
"PANTONE 807 U","807","#ed3cbf"
"PANTONE 871 U","871","#ae986e"
"PANTONE 872 U","872","#ad936d"
"PANTONE 873 U","873","#af8f6f"
"PANTONE 874 U","874","#af8f6f"
"PANTONE 875 U","875","#b38c74"
"PANTONE 876 U","876","#b18770"
"PANTONE 877 U","877","#b4b7b8"
"PANTONE Medium Yellow U","medium-yellow","#ffe200"
"PANTONE Bright Orange U","bright-orange","#ff7333"
"PANTONE Bright Red U","bright-red","#ff5541"
"PANTONE Strong Red U","strong-red","#d93969"
"PANTONE Pink U","pink","#d7428c"
"PANTONE Medium Purple U","medium-purple","#654389"
"PANTONE Dark Blue U","dark-blue","#434895"
"PANTONE Medium Blue U","medium-blue","#0085c9"
"PANTONE Bright Green U","bright-green","#00ac92"
"PANTONE Neutral Black U","neutral-black","#4c4846"
"PANTONE 100 U","100","#fff280"
"PANTONE 101 U","101","#fff166"
"PANTONE 102 U","102","#ffec2c"
"PANTONE Yellow U","yellow","#ffe800"
"PANTONE 103 U","103","#b69e28"
"PANTONE 104 U","104","#9c8d3a"
"PANTONE 105 U","105","#7d7548"
"PANTONE 7401 U","7401","#ffe5a5"
"PANTONE 7402 U","7402","#f6da9a"
"PANTONE 7403 U","7403","#f7ce80"
"PANTONE 7404 U","7404","#ffcf43"
"PANTONE 7405 U","7405","#e8b10e"
"PANTONE 7406 U","7406","#f3b927"
"PANTONE 7407 U","7407","#cda36e"
"PANTONE 106 U","106","#ffeb68"
"PANTONE 107 U","107","#ffe651"
"PANTONE 108 U","108","#ffdd33"
"PANTONE 109 U","109","#ffc700"
"PANTONE 110 U","110","#ce9f27"
"PANTONE 111 U","111","#9d873b"
"PANTONE 112 U","112","#8b7a3e"
"PANTONE 113 U","113","#ffe05e"
"PANTONE 114 U","114","#ffda4a"
"PANTONE 115 U","115","#ffcf2e"
"PANTONE 116 U","116","#ffb609"
"PANTONE 117 U","117","#b88d31"
"PANTONE 118 U","118","#9f8138"
"PANTONE 119 U","119","#847848"
"PANTONE 127 U","127","#fee385"
"PANTONE 128 U","128","#ffcf63"
"PANTONE 129 U","129","#feaf3f"
"PANTONE 130 U","130","#fc9a2d"
"PANTONE 131 U","131","#be7f32"
"PANTONE 132 U","132","#997a3c"
"PANTONE 133 U","133","#7e7049"
"PANTONE 1205 U","1205","#ffe495"
"PANTONE 1215 U","1215","#ffdb7f"
"PANTONE 1225 U","1225","#ffbb4f"
"PANTONE 1235 U","1235","#ffaf3c"
"PANTONE 1245 U","1245","#bd8c42"
"PANTONE 1255 U","1255","#a28246"
"PANTONE 1265 U","1265","#897449"
"PANTONE 120 U","120","#ffda6a"
"PANTONE 121 U","121","#ffcd51"
"PANTONE 122 U","122","#ffc13d"
"PANTONE 123 U","123","#ffad28"
"PANTONE 124 U","124","#db9132"
"PANTONE 125 U","125","#a8813d"
"PANTONE 126 U","126","#8f7743"
"PANTONE 7548 U","7548","#ffca10"
"PANTONE 7549 U","7549","#ffb938"
"PANTONE 7550 U","7550","#d1973e"
"PANTONE 7551 U","7551","#b08743"
"PANTONE 7552 U","7552","#836f4c"
"PANTONE 7553 U","7553","#70644b"
"PANTONE 7554 U","7554","#6d6459"
"PANTONE 7555 U","7555","#d8a95a"
"PANTONE 7556 U","7556","#bd9a5d"
"PANTONE 7557 U","7557","#a68d5f"
"PANTONE 7558 U","7558","#9c835e"
"PANTONE 7559 U","7559","#977f5d"
"PANTONE 7560 U","7560","#8e7e61"
"PANTONE 7561 U","7561","#827863"
"PANTONE 134 U","134","#ffd479"
"PANTONE 135 U","135","#ffc267"
"PANTONE 136 U","136","#ffad4a"
"PANTONE 137 U","137","#ffa037"
"PANTONE 138 U","138","#d67d32"
"PANTONE 139 U","139","#9f703c"
"PANTONE 140 U","140","#806a45"
"PANTONE 1345 U","1345","#ffd490"
"PANTONE 1355 U","1355","#ffc97d"
"PANTONE 1365 U","1365","#ffae5b"
"PANTONE 1375 U","1375","#ff9a3f"
"PANTONE 1385 U","1385","#d17e3e"
"PANTONE 1395 U","1395","#966f44"
"PANTONE 1405 U","1405","#7a6648"
"PANTONE 141 U","141","#fdc16e"
"PANTONE 142 U","142","#fdaf5d"
"PANTONE 143 U","143","#fb9f4e"
"PANTONE 144 U","144","#fa8b3c"
"PANTONE 145 U","145","#ce7e3b"
"PANTONE 146 U","146","#a07443"
"PANTONE 147 U","147","#77694b"
"PANTONE 7408 U","7408","#f19d23"
"PANTONE 7409 U","7409","#fcad51"
"PANTONE 7410 U","7410","#ffa16c"
"PANTONE 7411 U","7411","#eea06e"
"PANTONE 7412 U","7412","#d18d60"
"PANTONE 7413 U","7413","#e38758"
"PANTONE 7414 U","7414","#c38052"
"PANTONE 7562 U","7562","#bfa179"
"PANTONE 7563 U","7563","#dca664"
"PANTONE 7564 U","7564","#e09958"
"PANTONE 7565 U","7565","#cb8758"
"PANTONE 7566 U","7566","#b07a5d"
"PANTONE 7567 U","7567","#92705b"
"PANTONE 7568 U","7568","#836d5e"
"PANTONE 7569 U","7569","#d58e56"
"PANTONE 7570 U","7570","#d58e5c"
"PANTONE 7571 U","7571","#c68a5e"
"PANTONE 7572 U","7572","#b47f5b"
"PANTONE 7573 U","7573","#ab7b5a"
"PANTONE 7574 U","7574","#9c775c"
"PANTONE 7575 U","7575","#88715b"
"PANTONE 712 U","712","#ffcb9c"
"PANTONE 713 U","713","#ffc28e"
"PANTONE 714 U","714","#ffb17a"
"PANTONE 715 U","715","#fb9b63"
"PANTONE 716 U","716","#ec884f"
"PANTONE 717 U","717","#db763e"
"PANTONE 718 U","718","#ca6d3d"
"PANTONE 148 U","148","#ffc689"
"PANTONE 149 U","149","#ffb774"
"PANTONE 150 U","150","#ff9a53"
"PANTONE 151 U","151","#ff893e"
"PANTONE 152 U","152","#e47b3e"
"PANTONE 153 U","153","#af6f42"
"PANTONE 154 U","154","#946844"
"PANTONE 155 U","155","#fbc896"
"PANTONE 156 U","156","#fab983"
"PANTONE 157 U","157","#f89563"
"PANTONE 158 U","158","#f57e4d"
"PANTONE 159 U","159","#ce7147"
"PANTONE 160 U","160","#a16a47"
"PANTONE 161 U","161","#7a6249"
"PANTONE 1485 U","1485","#ffa662"
"PANTONE 1495 U","1495","#ff9451"
"PANTONE 1505 U","1505","#ff8236"
"PANTONE Orange 021 U","orange-021","#ff6d2e"
"PANTONE 1525 U","1525","#c16538"
"PANTONE 1535 U","1535","#996342"
"PANTONE 1545 U","1545","#7b5f48"
"PANTONE 1555 U","1555","#ffc39f"
"PANTONE 1565 U","1565","#ffab80"
"PANTONE 1575 U","1575","#ff9765"
"PANTONE 1585 U","1585","#ff8550"
"PANTONE 1595 U","1595","#d67146"
"PANTONE 1605 U","1605","#a96d4c"
"PANTONE 1615 U","1615","#95664a"
"PANTONE 162 U","162","#ffbc9b"
"PANTONE 163 U","163","#ff9e76"
"PANTONE 164 U","164","#ff875f"
"PANTONE 165 U","165","#ff7647"
"PANTONE 166 U","166","#e5683f"
"PANTONE 167 U","167","#b76746"
"PANTONE 168 U","168","#8b624b"
"PANTONE 7576 U","7576","#dc8e6a"
"PANTONE 7577 U","7577","#e48b64"
"PANTONE 7578 U","7578","#de7e59"
"PANTONE 7579 U","7579","#e47459"
"PANTONE 7580 U","7580","#c36c59"
"PANTONE 7581 U","7581","#936b5e"
"PANTONE 7582 U","7582","#7a685d"
"PANTONE 1625 U","1625","#ffa992"
"PANTONE 1635 U","1635","#ff977c"
"PANTONE 1645 U","1645","#ff8060"
"PANTONE 1655 U","1655","#ff704b"
"PANTONE 1665 U","1665","#e96949"
"PANTONE 1675 U","1675","#ae6249"
"PANTONE 1685 U","1685","#98614d"
"PANTONE 169 U","169","#ffb8ad"
"PANTONE 170 U","170","#ff8f7c"
"PANTONE 171 U","171","#ff7a63"
"PANTONE 172 U","172","#ff684d"
"PANTONE 173 U","173","#d2624a"
"PANTONE 174 U","174","#9f5c4a"
"PANTONE 175 U","175","#80594d"
"PANTONE 7583 U","7583","#cf7c5f"
"PANTONE 7584 U","7584","#c5765a"
"PANTONE 7585 U","7585","#b97964"
"PANTONE 7586 U","7586","#a5705c"
"PANTONE 7587 U","7587","#9c6c5c"
"PANTONE 7588 U","7588","#8c6d61"
"PANTONE 7589 U","7589","#766a63"
"PANTONE 7590 U","7590","#dfbcaa"
"PANTONE 7591 U","7591","#ca8d78"
"PANTONE 7592 U","7592","#b77160"
"PANTONE 7593 U","7593","#a76759"
"PANTONE 7594 U","7594","#8f645a"
"PANTONE 7595 U","7595","#83665c"
"PANTONE 7596 U","7596","#7a665f"
"PANTONE 7597 U","7597","#da6756"
"PANTONE 7598 U","7598","#c76d5c"
"PANTONE 7599 U","7599","#c2695a"
"PANTONE 7600 U","7600","#9e6a5d"
"PANTONE 7601 U","7601","#93695b"
"PANTONE 7602 U","7602","#8d6e60"
"PANTONE 7603 U","7603","#7d675d"
"PANTONE 7604 U","7604","#ecd8d7"
"PANTONE 7605 U","7605","#eec4c0"
"PANTONE 7606 U","7606","#e29f9b"
"PANTONE 7607 U","7607","#cf867f"
"PANTONE 7608 U","7608","#ae6d67"
"PANTONE 7609 U","7609","#946560"
"PANTONE 7610 U","7610","#82605e"
"PANTONE 7611 U","7611","#e9c8bd"
"PANTONE 7612 U","7612","#d6a9a1"
"PANTONE 7613 U","7613","#cb9f96"
"PANTONE 7614 U","7614","#ae928b"
"PANTONE 7615 U","7615","#998380"
"PANTONE 7616 U","7616","#877474"
"PANTONE 7617 U","7617","#766667"
"PANTONE 7520 U","7520","#f5c4be"
"PANTONE 7521 U","7521","#c7a194"
"PANTONE 7522 U","7522","#b37870"
"PANTONE 7523 U","7523","#ab7575"
"PANTONE 7524 U","7524","#a66d69"
"PANTONE 7525 U","7525","#9d7871"
"PANTONE 7526 U","7526","#936052"
"PANTONE 489 U","489","#f9c6b9"
"PANTONE 488 U","488","#fab8aa"
"PANTONE 487 U","487","#f8a194"
"PANTONE 486 U","486","#f58c80"
"PANTONE 485 U","485","#eb5b50"
"PANTONE 484 U","484","#a45a4e"
"PANTONE 483 U","483","#7f5b4f"
"PANTONE 176 U","176","#ffb2b9"
"PANTONE 177 U","177","#ff8e91"
"PANTONE 178 U","178","#ff7876"
"PANTONE Warm Red U","warm-red","#ff685e"
"PANTONE 179 U","179","#e56055"
"PANTONE 180 U","180","#c36259"
"PANTONE 181 U","181","#8d5a52"
"PANTONE 1765 U","1765","#ffa7b4"
"PANTONE 1775 U","1775","#ff8d9a"
"PANTONE 1785 U","1785","#ff6872"
"PANTONE 1788 U","1788","#fe5e61"
"PANTONE 1795 U","1795","#de5958"
"PANTONE 1805 U","1805","#b75957"
"PANTONE 1815 U","1815","#925651"
"PANTONE 1767 U","1767","#ffbac9"
"PANTONE 1777 U","1777","#ff8191"
"PANTONE 1787 U","1787","#ff6472"
"PANTONE Red 032 U","red-032","#fc5158"
"PANTONE 1797 U","1797","#d05053"
"PANTONE 1807 U","1807","#aa5253"
"PANTONE 1817 U","1817","#7a5454"
"PANTONE 7618 U","7618","#d58a78"
"PANTONE 7619 U","7619","#ce7064"
"PANTONE 7620 U","7620","#c6615b"
"PANTONE 7621 U","7621","#c05c5a"
"PANTONE 7622 U","7622","#a95d5c"
"PANTONE 7623 U","7623","#9f5b57"
"PANTONE 7624 U","7624","#915954"
"PANTONE 7625 U","7625","#f1776c"
"PANTONE 7626 U","7626","#d7635e"
"PANTONE 7627 U","7627","#b05956"
"PANTONE 7628 U","7628","#ac5a58"
"PANTONE 7629 U","7629","#805c58"
"PANTONE 7630 U","7630","#775a58"
"PANTONE 7631 U","7631","#6e5655"
"PANTONE 7415 U","7415","#efb5a5"
"PANTONE 7416 U","7416","#f1736b"
"PANTONE 7417 U","7417","#ee6961"
"PANTONE 7418 U","7418","#c36466"
"PANTONE 7419 U","7419","#a8636a"
"PANTONE 7420 U","7420","#a65868"
"PANTONE 7421 U","7421","#804e5a"
"PANTONE 182 U","182","#ffb9c9"
"PANTONE 183 U","183","#ff8ea3"
"PANTONE 184 U","184","#ff6e82"
"PANTONE 185 U","185","#f8505f"
"PANTONE 186 U","186","#d7515c"
"PANTONE 187 U","187","#b2535b"
"PANTONE 188 U","188","#8b5659"
"PANTONE 196 U","196","#f8c2cc"
"PANTONE 197 U","197","#f8a0b2"
"PANTONE 198 U","198","#ed6a7d"
"PANTONE 199 U","199","#e54e62"
"PANTONE 200 U","200","#c24f5d"
"PANTONE 201 U","201","#a55660"
"PANTONE 202 U","202","#93575e"
"PANTONE 189 U","189","#ffacc1"
"PANTONE 190 U","190","#ff88a1"
"PANTONE 191 U","191","#fd7189"
"PANTONE 192 U","192","#f5526b"
"PANTONE 193 U","193","#c95363"
"PANTONE 194 U","194","#a75a64"
"PANTONE 195 U","195","#895b60"
"PANTONE 1895 U","1895","#ffb4cd"
"PANTONE 1905 U","1905","#ff9cb9"
"PANTONE 1915 U","1915","#fa7090"
"PANTONE 1925 U","1925","#ef516d"
"PANTONE 1935 U","1935","#ce4b63"
"PANTONE 1945 U","1945","#b45467"
"PANTONE 1955 U","1955","#995360"
"PANTONE 705 U","705","#ffdee3"
"PANTONE 706 U","706","#ffcad4"
"PANTONE 707 U","707","#ffb2bf"
"PANTONE 708 U","708","#ff9aa8"
"PANTONE 709 U","709","#f87d8a"
"PANTONE 710 U","710","#e8646f"
"PANTONE 711 U","711","#d45055"
"PANTONE 698 U","698","#fdd7da"
"PANTONE 699 U","699","#fec3cc"
"PANTONE 700 U","700","#fcaab6"
"PANTONE 701 U","701","#ec8f9c"
"PANTONE 702 U","702","#dc7a86"
"PANTONE 703 U","703","#b75a64"
"PANTONE 704 U","704","#a55055"
"PANTONE 203 U","203","#f9b0ca"
"PANTONE 204 U","204","#f482a3"
"PANTONE 205 U","205","#ec6183"
"PANTONE 206 U","206","#e04265"
"PANTONE 207 U","207","#b44b65"
"PANTONE 208 U","208","#935566"
"PANTONE 209 U","209","#845864"
"PANTONE 210 U","210","#ffa3ca"
"PANTONE 211 U","211","#ff87b5"
"PANTONE 212 U","212","#fb6e9d"
"PANTONE 213 U","213","#ef5483"
"PANTONE 214 U","214","#d65278"
"PANTONE 215 U","215","#b25271"
"PANTONE 216 U","216","#8c5565"
"PANTONE 7422 U","7422","#ffd5db"
"PANTONE 7423 U","7423","#e6768e"
"PANTONE 7424 U","7424","#dd587d"
"PANTONE 7425 U","7425","#c05b73"
"PANTONE 7426 U","7426","#b55569"
"PANTONE 7427 U","7427","#a9525c"
"PANTONE 7428 U","7428","#835c68"
"PANTONE 7632 U","7632","#decfd1"
"PANTONE 7633 U","7633","#cbaaad"
"PANTONE 7634 U","7634","#cb7d93"
"PANTONE 7635 U","7635","#d4617c"
"PANTONE 7636 U","7636","#c9566d"
"PANTONE 7637 U","7637","#9a5865"
"PANTONE 7638 U","7638","#885560"
"PANTONE 217 U","217","#f7c0e0"
"PANTONE 218 U","218","#f485ba"
"PANTONE 219 U","219","#ea5b96"
"PANTONE Rubine Red U","rubine-red","#e3467e"
"PANTONE 220 U","220","#b44c74"
"PANTONE 221 U","221","#a34d6f"
"PANTONE 222 U","222","#84566b"
"PANTONE 7639 U","7639","#a2858b"
"PANTONE 7640 U","7640","#9f6672"
"PANTONE 7641 U","7641","#9e5d6d"
"PANTONE 7642 U","7642","#805765"
"PANTONE 7643 U","7643","#7b5967"
"PANTONE 7644 U","7644","#715863"
"PANTONE 7645 U","7645","#6e575f"
"PANTONE 223 U","223","#fba5d8"
"PANTONE 224 U","224","#f988c6"
"PANTONE 225 U","225","#f161a7"
"PANTONE 226 U","226","#e34587"
"PANTONE 227 U","227","#b44978"
"PANTONE 228 U","228","#8f4e6c"
"PANTONE 229 U","229","#7c5566"
"PANTONE 230 U","230","#ffb3e1"
"PANTONE 231 U","231","#fe86c9"
"PANTONE 232 U","232","#f66db6"
"PANTONE Rhodamine Red U","rhodamine-red","#ea4e98"
"PANTONE 233 U","233","#cc4885"
"PANTONE 234 U","234","#ae4e7d"
"PANTONE 235 U","235","#944e70"
"PANTONE 670 U","670","#f5d6e7"
"PANTONE 671 U","671","#f3c2de"
"PANTONE 672 U","672","#eba7cd"
"PANTONE 673 U","673","#e28cb9"
"PANTONE 674 U","674","#d173a1"
"PANTONE 675 U","675","#c1618d"
"PANTONE 676 U","676","#ac5078"
"PANTONE 677 U","677","#f1d2e0"
"PANTONE 678 U","678","#e7c0d5"
"PANTONE 679 U","679","#ddabc5"
"PANTONE 680 U","680","#c48ba9"
"PANTONE 681 U","681","#a76f8d"
"PANTONE 682 U","682","#935d79"
"PANTONE 683 U","683","#845269"
"PANTONE 684 U","684","#eecbd9"
"PANTONE 685 U","685","#e6becf"
"PANTONE 686 U","686","#d7a6be"
"PANTONE 687 U","687","#bf8ca5"
"PANTONE 688 U","688","#a4738b"
"PANTONE 689 U","689","#906277"
"PANTONE 690 U","690","#7d5060"
"PANTONE 510 U","510","#f2bfca"
"PANTONE 509 U","509","#eaaebc"
"PANTONE 508 U","508","#e19dae"
"PANTONE 507 U","507","#d090a3"
"PANTONE 506 U","506","#9c6570"
"PANTONE 505 U","505","#8a5d66"
"PANTONE 504 U","504","#805e61"
"PANTONE 7429 U","7429","#f1ccda"
"PANTONE 7430 U","7430","#e9b5ca"
"PANTONE 7431 U","7431","#dfa1b8"
"PANTONE 7432 U","7432","#c9819a"
"PANTONE 7433 U","7433","#bd6f89"
"PANTONE 7434 U","7434","#ac667d"
"PANTONE 7435 U","7435","#90566c"
"PANTONE 691 U","691","#f4d3d6"
"PANTONE 692 U","692","#eac0c4"
"PANTONE 693 U","693","#dba6ae"
"PANTONE 694 U","694","#c68e97"
"PANTONE 695 U","695","#ae7781"
"PANTONE 696 U","696","#9a646c"
"PANTONE 697 U","697","#89575a"
"PANTONE 496 U","496","#fac3cb"
"PANTONE 495 U","495","#f2b0ba"
"PANTONE 494 U","494","#e79ca7"
"PANTONE 493 U","493","#c97e89"
"PANTONE 492 U","492","#9f5e5e"
"PANTONE 491 U","491","#8f5a59"
"PANTONE 490 U","490","#785554"
"PANTONE 503 U","503","#f2cece"
"PANTONE 502 U","502","#e7b8be"
"PANTONE 501 U","501","#d9a6ab"
"PANTONE 500 U","500","#bd8b8e"
"PANTONE 499 U","499","#8d615f"
"PANTONE 498 U","498","#805e5a"
"PANTONE 497 U","497","#725956"
"PANTONE 5035 U","5035","#e8c7c8"
"PANTONE 5025 U","5025","#ddb6b9"
"PANTONE 5015 U","5015","#caa1a5"
"PANTONE 5005 U","5005","#b48a8e"
"PANTONE 4995 U","4995","#a0797f"
"PANTONE 4985 U","4985","#8f6b6e"
"PANTONE 4975 U","4975","#745753"
"PANTONE 236 U","236","#fba6de"
"PANTONE 237 U","237","#f78ed2"
"PANTONE 238 U","238","#ee72be"
"PANTONE 239 U","239","#e055a9"
"PANTONE 240 U","240","#c55797"
"PANTONE 241 U","241","#b2558a"
"PANTONE 242 U","242","#905a77"
"PANTONE 2365 U","2365","#fac0e7"
"PANTONE 2375 U","2375","#ed89d0"
"PANTONE 2385 U","2385","#e470c1"
"PANTONE 2395 U","2395","#d959ae"
"PANTONE 2405 U","2405","#bf569b"
"PANTONE 2415 U","2415","#af548f"
"PANTONE 2425 U","2425","#9a5481"
"PANTONE 243 U","243","#f3b2e5"
"PANTONE 244 U","244","#ee9bdc"
"PANTONE 245 U","245","#e47fcf"
"PANTONE 246 U","246","#d357b2"
"PANTONE 247 U","247","#c052a1"
"PANTONE 248 U","248","#a4508b"
"PANTONE 249 U","249","#8a5879"
"PANTONE 7646 U","7646","#b38699"
"PANTONE 7647 U","7647","#b66889"
"PANTONE 7648 U","7648","#a2537b"
"PANTONE 7649 U","7649","#96547a"
"PANTONE 7650 U","7650","#865673"
"PANTONE 7651 U","7651","#815c79"
"PANTONE 7652 U","7652","#75546c"
"PANTONE 250 U","250","#f0baea"
"PANTONE 251 U","251","#e497e0"
"PANTONE 252 U","252","#d370cd"
"PANTONE Purple U","purple","#c553b5"
"PANTONE 253 U","253","#b956ad"
"PANTONE 254 U","254","#a25498"
"PANTONE 255 U","255","#85577c"
"PANTONE 517 U","517","#f4c8e3"
"PANTONE 516 U","516","#eab7dc"
"PANTONE 515 U","515","#e3a7d4"
"PANTONE 514 U","514","#cf8bc3"
"PANTONE 513 U","513","#9f6198"
"PANTONE 512 U","512","#8b587e"
"PANTONE 511 U","511","#755567"
"PANTONE 7436 U","7436","#f5d6ec"
"PANTONE 7437 U","7437","#d6b6d7"
"PANTONE 7438 U","7438","#da9bd7"
"PANTONE 7439 U","7439","#c29cc6"
"PANTONE 7440 U","7440","#ba96bb"
"PANTONE 7441 U","7441","#b07eca"
"PANTONE 7442 U","7442","#a063be"
"PANTONE 2562 U","2562","#e0aee8"
"PANTONE 2572 U","2572","#cf90de"
"PANTONE 2582 U","2582","#be77cf"
"PANTONE 2592 U","2592","#ae60bf"
"PANTONE 2602 U","2602","#9958a6"
"PANTONE 2612 U","2612","#89578c"
"PANTONE 2622 U","2622","#7d5b79"
"PANTONE 7653 U","7653","#a0949f"
"PANTONE 7654 U","7654","#ad8aa5"
"PANTONE 7655 U","7655","#ad78a0"
"PANTONE 7656 U","7656","#99648e"
"PANTONE 7657 U","7657","#7f5978"
"PANTONE 7658 U","7658","#7e5e77"
"PANTONE 7659 U","7659","#6f5a6a"
"PANTONE 524 U","524","#ddc4db"
"PANTONE 523 U","523","#d1b6d5"
"PANTONE 522 U","522","#be9fc7"
"PANTONE 521 U","521","#ac8ab6"
"PANTONE 520 U","520","#815f88"
"PANTONE 519 U","519","#795d7a"
"PANTONE 518 U","518","#6e5969"
"PANTONE 5245 U","5245","#e0cfd6"
"PANTONE 5235 U","5235","#d6c4cd"
"PANTONE 5225 U","5225","#c2acb8"
"PANTONE 5215 U","5215","#a38c9c"
"PANTONE 5205 U","5205","#907c8a"
"PANTONE 5195 U","5195","#826d78"
"PANTONE 5185 U","5185","#776169"
"PANTONE 5175 U","5175","#dcc4d1"
"PANTONE 5165 U","5165","#cfb4c5"
"PANTONE 5155 U","5155","#bc9eb2"
"PANTONE 5145 U","5145","#a6899e"
"PANTONE 5135 U","5135","#8d7289"
"PANTONE 5125 U","5125","#7f6478"
"PANTONE 5115 U","5115","#715564"
"PANTONE 531 U","531","#e6c7ec"
"PANTONE 530 U","530","#dfb9e7"
"PANTONE 529 U","529","#d0a5e1"
"PANTONE 528 U","528","#bb8ad2"
"PANTONE 527 U","527","#9462b0"
"PANTONE 526 U","526","#835890"
"PANTONE 525 U","525","#755674"
"PANTONE 256 U","256","#d6b4db"
"PANTONE 257 U","257","#c49bcb"
"PANTONE 258 U","258","#a576ad"
"PANTONE 259 U","259","#96679c"
"PANTONE 260 U","260","#8b658d"
"PANTONE 261 U","261","#806282"
"PANTONE 262 U","262","#775f74"
"PANTONE 2563 U","2563","#cea2da"
"PANTONE 2573 U","2573","#bb89ca"
"PANTONE 2583 U","2583","#a673b5"
"PANTONE 2593 U","2593","#915e9f"
"PANTONE 2603 U","2603","#865a91"
"PANTONE 2613 U","2613","#7e5787"
"PANTONE 2623 U","2623","#765579"
"PANTONE 7660 U","7660","#9d96a7"
"PANTONE 7661 U","7661","#957f9d"
"PANTONE 7662 U","7662","#85668c"
"PANTONE 7663 U","7663","#7a5d83"
"PANTONE 7664 U","7664","#785c82"
"PANTONE 7665 U","7665","#725e7c"
"PANTONE 7666 U","7666","#716976"
"PANTONE 2567 U","2567","#c19fda"
"PANTONE 2577 U","2577","#a47fc5"
"PANTONE 2587 U","2587","#946eb7"
"PANTONE 2597 U","2597","#835aa3"
"PANTONE 2607 U","2607","#7b5895"
"PANTONE 2617 U","2617","#735488"
"PANTONE 2627 U","2627","#6f537d"
"PANTONE 263 U","263","#dfc6eb"
"PANTONE 264 U","264","#c0a2e3"
"PANTONE 265 U","265","#9d7bd1"
"PANTONE 266 U","266","#8b66c3"
"PANTONE 267 U","267","#7f5dad"
"PANTONE 268 U","268","#74598f"
"PANTONE 269 U","269","#6f577e"
"PANTONE 2635 U","2635","#cab7e8"
"PANTONE 2645 U","2645","#bba4e3"
"PANTONE 2655 U","2655","#a38ad8"
"PANTONE 2665 U","2665","#8c70c9"
"PANTONE Violet U","violet","#775ab1"
"PANTONE 2685 U","2685","#765ca5"
"PANTONE 2695 U","2695","#6c5d7f"
"PANTONE 270 U","270","#aeaddf"
"PANTONE 271 U","271","#9b9ad5"
"PANTONE 272 U","272","#8486c6"
"PANTONE 273 U","273","#635e9b"
"PANTONE 274 U","274","#60578b"
"PANTONE 275 U","275","#5d5582"
"PANTONE 276 U","276","#5c556f"
"PANTONE 2705 U","2705","#b9b6e9"
"PANTONE 2715 U","2715","#9f99df"
"PANTONE 2725 U","2725","#8781d3"
"PANTONE 2735 U","2735","#6559b1"
"PANTONE 2745 U","2745","#60569a"
"PANTONE 2755 U","2755","#5d548c"
"PANTONE 2765 U","2765","#574f76"
"PANTONE 7667 U","7667","#818ca9"
"PANTONE 7668 U","7668","#7a80a4"
"PANTONE 7669 U","7669","#7978a3"
"PANTONE 7670 U","7670","#706f99"
"PANTONE 7671 U","7671","#6e6a93"
"PANTONE 7672 U","7672","#6a668f"
"PANTONE 7673 U","7673","#6c6e8e"
"PANTONE 7443 U","7443","#dfd8ec"
"PANTONE 7444 U","7444","#bdbee1"
"PANTONE 7445 U","7445","#ada7c6"
"PANTONE 7446 U","7446","#9593cf"
"PANTONE 7447 U","7447","#7f7291"
"PANTONE 7448 U","7448","#726873"
"PANTONE 7449 U","7449","#65515c"
"PANTONE 7674 U","7674","#9296b8"
"PANTONE 7675 U","7675","#898baf"
"PANTONE 7676 U","7676","#837aa4"
"PANTONE 7677 U","7677","#7d6d96"
"PANTONE 7678 U","7678","#786691"
"PANTONE 7679 U","7679","#6e628b"
"PANTONE 7680 U","7680","#695a81"
"PANTONE 663 U","663","#e3d9e4"
"PANTONE 664 U","664","#dbcfdc"
"PANTONE 665 U","665","#c6b8ce"
"PANTONE 666 U","666","#afa1bc"
"PANTONE 667 U","667","#9183a1"
"PANTONE 668 U","668","#817391"
"PANTONE 669 U","669","#72647f"
"PANTONE 5315 U","5315","#dad8e1"
"PANTONE 5305 U","5305","#c5c3d3"
"PANTONE 5295 U","5295","#b2afc3"
"PANTONE 5285 U","5285","#9793ab"
"PANTONE 5275 U","5275","#7c7992"
"PANTONE 5265 U","5265","#6d6a82"
"PANTONE 5255 U","5255","#5d576b"
"PANTONE 538 U","538","#cdd7e1"
"PANTONE 537 U","537","#bdcadb"
"PANTONE 536 U","536","#a5b5cc"
"PANTONE 535 U","535","#8c9cb9"
"PANTONE 534 U","534","#5b6984"
"PANTONE 533 U","533","#5f6579"
"PANTONE 532 U","532","#5b5c64"
"PANTONE 7541 U","7541","#dee4e7"
"PANTONE 7542 U","7542","#b1c5cc"
"PANTONE 7543 U","7543","#aeb8c1"
"PANTONE 7544 U","7544","#9ba5b0"
"PANTONE 7545 U","7545","#79838d"
"PANTONE 7546 U","7546","#66707a"
"PANTONE 7547 U","7547","#50545d"
"PANTONE 552 U","552","#afcfdc"
"PANTONE 551 U","551","#95c0d0"
"PANTONE 550 U","550","#7ca9be"
"PANTONE 549 U","549","#6698ae"
"PANTONE 548 U","548","#3e5d6f"
"PANTONE 547 U","547","#415765"
"PANTONE 546 U","546","#475058"
"PANTONE 5455 U","5455","#c6d6e0"
"PANTONE 5445 U","5445","#b2c6d4"
"PANTONE 5435 U","5435","#9eb3c4"
"PANTONE 5425 U","5425","#7992a5"
"PANTONE 5415 U","5415","#687f91"
"PANTONE 5405 U","5405","#5c6e7f"
"PANTONE 5395 U","5395","#484b5a"
"PANTONE 642 U","642","#d2dfea"
"PANTONE 643 U","643","#bed2e5"
"PANTONE 644 U","644","#9db9d6"
"PANTONE 645 U","645","#83a2c3"
"PANTONE 646 U","646","#6e8db1"
"PANTONE 647 U","647","#607a9d"
"PANTONE 648 U","648","#4e6282"
"PANTONE 649 U","649","#e1e7ee"
"PANTONE 650 U","650","#d8dfec"
"PANTONE 651 U","651","#aec2db"
"PANTONE 652 U","652","#88a2c4"
"PANTONE 653 U","653","#6780a5"
"PANTONE 654 U","654","#55688b"
"PANTONE 655 U","655","#4e5d7e"
"PANTONE 656 U","656","#e3e9f2"
"PANTONE 657 U","657","#d6e2f2"
"PANTONE 658 U","658","#b8ceed"
"PANTONE 659 U","659","#94b5e5"
"PANTONE 660 U","660","#628bcd"
"PANTONE 661 U","661","#4767aa"
"PANTONE 662 U","662","#41538f"
"PANTONE 7450 U","7450","#c4cbe1"
"PANTONE 7451 U","7451","#92b2ea"
"PANTONE 7452 U","7452","#8fa1e3"
"PANTONE 7453 U","7453","#89ace3"
"PANTONE 7454 U","7454","#7598ba"
"PANTONE 7455 U","7455","#6a7cb8"
"PANTONE 7456 U","7456","#7f8ac0"
"PANTONE 2706 U","2706","#ccd5f1"
"PANTONE 2716 U","2716","#a1aee8"
"PANTONE 2726 U","2726","#6f7acf"
"PANTONE 2736 U","2736","#5d62ba"
"PANTONE 2746 U","2746","#575da4"
"PANTONE 2756 U","2756","#575b8c"
"PANTONE 2766 U","2766","#565a7c"
"PANTONE 2708 U","2708","#b2caf0"
"PANTONE 2718 U","2718","#6788d9"
"PANTONE 2728 U","2728","#5269c1"
"PANTONE 2738 U","2738","#464ea3"
"PANTONE 2748 U","2748","#474f8b"
"PANTONE 2758 U","2758","#494e7a"
"PANTONE 2768 U","2768","#4b4d6c"
"PANTONE 2707 U","2707","#c6daf4"
"PANTONE 2717 U","2717","#a8c7f4"
"PANTONE 2727 U","2727","#6290e8"
"PANTONE Blue 072 U","blue-072","#3b45ac"
"PANTONE 2747 U","2747","#424f8f"
"PANTONE 2757 U","2757","#434f7f"
"PANTONE 2767 U","2767","#4a4b63"
"PANTONE 277 U","277","#adcef2"
"PANTONE 278 U","278","#8cb9ee"
"PANTONE 279 U","279","#598edc"
"PANTONE Reflex Blue U","reflex-blue","#374a9c"
"PANTONE 280 U","280","#3c4982"
"PANTONE 281 U","281","#3e4975"
"PANTONE 282 U","282","#434968"
"PANTONE 283 U","283","#9ac7ef"
"PANTONE 284 U","284","#79b0ea"
"PANTONE 285 U","285","#4482d0"
"PANTONE 286 U","286","#2e55a5"
"PANTONE 287 U","287","#3a5996"
"PANTONE 288 U","288","#3d5588"
"PANTONE 289 U","289","#444f69"
"PANTONE 7681 U","7681","#9dafd0"
"PANTONE 7682 U","7682","#7f96bf"
"PANTONE 7683 U","7683","#6982b1"
"PANTONE 7684 U","7684","#6176a3"
"PANTONE 7685 U","7685","#5e719e"
"PANTONE 7686 U","7686","#536995"
"PANTONE 7687 U","7687","#525f8c"
"PANTONE 545 U","545","#aecee7"
"PANTONE 544 U","544","#98c0e1"
"PANTONE 543 U","543","#78a9d2"
"PANTONE 542 U","542","#679bc6"
"PANTONE 541 U","541","#3a557d"
"PANTONE 540 U","540","#3e5270"
"PANTONE 539 U","539","#475062"
"PANTONE 290 U","290","#a6d4ee"
"PANTONE 291 U","291","#7dbdec"
"PANTONE 292 U","292","#5da8e6"
"PANTONE 293 U","293","#225aa8"
"PANTONE 294 U","294","#365989"
"PANTONE 295 U","295","#375073"
"PANTONE 296 U","296","#435060"
"PANTONE 2905 U","2905","#88c8ed"
"PANTONE 2915 U","2915","#61b2e7"
"PANTONE 2925 U","2925","#3b96dc"
"PANTONE 2935 U","2935","#145fab"
"PANTONE 2945 U","2945","#24588d"
"PANTONE 2955 U","2955","#385676"
"PANTONE 2965 U","2965","#3d5164"
"PANTONE 297 U","297","#7ccbef"
"PANTONE 298 U","298","#45b2e9"
"PANTONE 299 U","299","#0094d8"
"PANTONE 300 U","300","#006db7"
"PANTONE 301 U","301","#24628f"
"PANTONE 302 U","302","#375d77"
"PANTONE 303 U","303","#3e5565"
"PANTONE 7688 U","7688","#5b9acb"
"PANTONE 7689 U","7689","#5293c1"
"PANTONE 7690 U","7690","#4a7ea6"
"PANTONE 7691 U","7691","#457198"
"PANTONE 7692 U","7692","#4a6a8b"
"PANTONE 7693 U","7693","#4c6480"
"PANTONE 7694 U","7694","#4c617a"
"PANTONE 2975 U","2975","#89d4ef"
"PANTONE 2985 U","2985","#40b7e8"
"PANTONE 2995 U","2995","#009cdc"
"PANTONE 3005 U","3005","#0076c0"
"PANTONE 3015 U","3015","#1f6a96"
"PANTONE 3025 U","3025","#35617a"
"PANTONE 3035 U","3035","#405767"
"PANTONE 7695 U","7695","#81a8bd"
"PANTONE 7696 U","7696","#709aaf"
"PANTONE 7697 U","7697","#678ea4"
"PANTONE 7698 U","7698","#627f92"
"PANTONE 7699 U","7699","#5d7688"
"PANTONE 7700 U","7700","#537189"
"PANTONE 7701 U","7701","#496b80"
"PANTONE 7457 U","7457","#bee2ee"
"PANTONE 7458 U","7458","#63a4c0"
"PANTONE 7459 U","7459","#4e8eab"
"PANTONE 7460 U","7460","#008cc2"
"PANTONE 7461 U","7461","#3f91c5"
"PANTONE 7462 U","7462","#5279a3"
"PANTONE 7463 U","7463","#4f647e"
"PANTONE 304 U","304","#8ddcee"
"PANTONE 305 U","305","#4dc9ee"
"PANTONE 306 U","306","#00b3e7"
"PANTONE Process Blue U","process-blue","#0082c4"
"PANTONE 307 U","307","#0073a3"
"PANTONE 308 U","308","#246682"
"PANTONE 309 U","309","#405864"
"PANTONE 635 U","635","#aae2f0"
"PANTONE 636 U","636","#88d7ed"
"PANTONE 637 U","637","#56c6e6"
"PANTONE 638 U","638","#25b7e0"
"PANTONE 639 U","639","#009dcd"
"PANTONE 640 U","640","#0089bb"
"PANTONE 641 U","641","#0078a9"
"PANTONE 7702 U","7702","#5baac8"
"PANTONE 7703 U","7703","#3f9fc0"
"PANTONE 7704 U","7704","#2f8aac"
"PANTONE 7705 U","7705","#397d9b"
"PANTONE 7706 U","7706","#407994"
"PANTONE 7707 U","7707","#467288"
"PANTONE 7708 U","7708","#446b7d"
"PANTONE 628 U","628","#b2dfe7"
"PANTONE 629 U","629","#89cfde"
"PANTONE 630 U","630","#70c3d8"
"PANTONE 631 U","631","#51b0cc"
"PANTONE 632 U","632","#3398b7"
"PANTONE 633 U","633","#22819f"
"PANTONE 634 U","634","#1c6e8a"
"PANTONE 310 U","310","#53cfe7"
"PANTONE 311 U","311","#00bdde"
"PANTONE 312 U","312","#00add3"
"PANTONE 313 U","313","#008bb4"
"PANTONE 314 U","314","#007b9a"
"PANTONE 315 U","315","#1a667a"
"PANTONE 316 U","316","#3d5a63"
"PANTONE 3105 U","3105","#45cde0"
"PANTONE 3115 U","3115","#00bed5"
"PANTONE 3125 U","3125","#00aac6"
"PANTONE 3135 U","3135","#008ca8"
"PANTONE 3145 U","3145","#007589"
"PANTONE 3155 U","3155","#186775"
"PANTONE 3165 U","3165","#2e5c66"
"PANTONE 7709 U","7709","#6ab2bf"
"PANTONE 7710 U","7710","#3ba9b9"
"PANTONE 7711 U","7711","#0d9bac"
"PANTONE 7712 U","7712","#1b8a9f"
"PANTONE 7713 U","7713","#2b8692"
"PANTONE 7714 U","7714","#33808a"
"PANTONE 7715 U","7715","#417079"
"PANTONE 317 U","317","#abe9ea"
"PANTONE 318 U","318","#67d8df"
"PANTONE 319 U","319","#0cc7d3"
"PANTONE 320 U","320","#009ba8"
"PANTONE 321 U","321","#00828d"
"PANTONE 322 U","322","#0e7279"
"PANTONE 323 U","323","#2f6067"
"PANTONE 7464 U","7464","#a9dad7"
"PANTONE 7465 U","7465","#53c6b5"
"PANTONE 7466 U","7466","#00b2bf"
"PANTONE 7467 U","7467","#00a5b2"
"PANTONE 7468 U","7468","#3c7693"
"PANTONE 7469 U","7469","#3b6d89"
"PANTONE 7470 U","7470","#446f83"
"PANTONE 7471 U","7471","#79e1d9"
"PANTONE 7472 U","7472","#69bcb9"
"PANTONE 7473 U","7473","#5ca39b"
"PANTONE 7474 U","7474","#418994"
"PANTONE 7475 U","7475","#6b8a8d"
"PANTONE 7476 U","7476","#5a777b"
"PANTONE 7477 U","7477","#5c707a"
"PANTONE 5523 U","5523","#bdd5d7"
"PANTONE 5513 U","5513","#abc9cc"
"PANTONE 5503 U","5503","#92b7bc"
"PANTONE 5493 U","5493","#759ba4"
"PANTONE 5483 U","5483","#5e8089"
"PANTONE 5473 U","5473","#516d75"
"PANTONE 5463 U","5463","#3d4d55"
"PANTONE 7716 U","7716","#489997"
"PANTONE 7717 U","7717","#3c8d8b"
"PANTONE 7718 U","7718","#328083"
"PANTONE 7719 U","7719","#3f7a7c"
"PANTONE 7720 U","7720","#467574"
"PANTONE 7721 U","7721","#477276"
"PANTONE 7722 U","7722","#496b6e"
"PANTONE 324 U","324","#7fd7d5"
"PANTONE 325 U","325","#3cbfbc"
"PANTONE 326 U","326","#00a9a2"
"PANTONE 327 U","327","#008d84"
"PANTONE 328 U","328","#087c79"
"PANTONE 329 U","329","#2e7472"
"PANTONE 330 U","330","#436363"
"PANTONE 3242 U","3242","#57d9d5"
"PANTONE 3252 U","3252","#00cbc5"
"PANTONE 3262 U","3262","#00b7b0"
"PANTONE 3272 U","3272","#00a19c"
"PANTONE 3282 U","3282","#008582"
"PANTONE 3292 U","3292","#336c6b"
"PANTONE 3302 U","3302","#3f615f"
"PANTONE 3245 U","3245","#45dacc"
"PANTONE 3255 U","3255","#00cdbe"
"PANTONE 3265 U","3265","#00beac"
"PANTONE 3275 U","3275","#00a896"
"PANTONE 3285 U","3285","#008f83"
"PANTONE 3295 U","3295","#1f7d75"
"PANTONE 3305 U","3305","#456965"
"PANTONE 3248 U","3248","#69ccb9"
"PANTONE 3258 U","3258","#43bfac"
"PANTONE 3268 U","3268","#24b09b"
"PANTONE 3278 U","3278","#009b82"
"PANTONE 3288 U","3288","#1d8676"
"PANTONE 3298 U","3298","#35736a"
"PANTONE 3308 U","3308","#48605d"
"PANTONE 566 U","566","#afe1d8"
"PANTONE 565 U","565","#8cd0c6"
"PANTONE 564 U","564","#84c6be"
"PANTONE 563 U","563","#71b9b0"
"PANTONE 562 U","562","#3e807a"
"PANTONE 561 U","561","#426d69"
"PANTONE 560 U","560","#4a5e5b"
"PANTONE 573 U","573","#bae8de"
"PANTONE 572 U","572","#90ded2"
"PANTONE 571 U","571","#82d6c9"
"PANTONE 570 U","570","#5bc1b2"
"PANTONE 569 U","569","#228f83"
"PANTONE 568 U","568","#407f77"
"PANTONE 567 U","567","#48635f"
"PANTONE 559 U","559","#b7d0c0"
"PANTONE 558 U","558","#9bbfaf"
"PANTONE 557 U","557","#88b09f"
"PANTONE 556 U","556","#729d8c"
"PANTONE 555 U","555","#577d6a"
"PANTONE 554 U","554","#587465"
"PANTONE 553 U","553","#5a675d"
"PANTONE 5595 U","5595","#c0d3c8"
"PANTONE 5585 U","5585","#a1b9af"
"PANTONE 5575 U","5575","#9cb4ad"
"PANTONE 5565 U","5565","#87a29a"
"PANTONE 5555 U","5555","#758e88"
"PANTONE 5545 U","5545","#5e766e"
"PANTONE 5535 U","5535","#475a57"
"PANTONE 5665 U","5665","#bdc7bd"
"PANTONE 5655 U","5655","#b3c0b7"
"PANTONE 5645 U","5645","#9faea5"
"PANTONE 5635 U","5635","#8d9d93"
"PANTONE 5625 U","5625","#7a8982"
"PANTONE 5615 U","5615","#6b7970"
"PANTONE 5605 U","5605","#5e695d"
"PANTONE 5527 U","5527","#b9c6c5"
"PANTONE 5517 U","5517","#aabab8"
"PANTONE 5507 U","5507","#95a8a8"
"PANTONE 5497 U","5497","#819596"
"PANTONE 5487 U","5487","#687b7c"
"PANTONE 5477 U","5477","#607070"
"PANTONE 5467 U","5467","#555e5e"
"PANTONE 621 U","621","#cadfd4"
"PANTONE 622 U","622","#b2cbc1"
"PANTONE 623 U","623","#94b5ab"
"PANTONE 624 U","624","#81a197"
"PANTONE 625 U","625","#6a8a83"
"PANTONE 626 U","626","#577570"
"PANTONE 627 U","627","#435d59"
"PANTONE 331 U","331","#8fe8d5"
"PANTONE 332 U","332","#69e1cd"
"PANTONE 333 U","333","#00cfb6"
"PANTONE Green U","green","#00aa90"
"PANTONE 334 U","334","#00937f"
"PANTONE 335 U","335","#1f7c6f"
"PANTONE 336 U","336","#367168"
"PANTONE 337 U","337","#7fd3ba"
"PANTONE 338 U","338","#4bc0a2"
"PANTONE 339 U","339","#1aad8b"
"PANTONE 340 U","340","#009d78"
"PANTONE 341 U","341","#327864"
"PANTONE 342 U","342","#3f6f60"
"PANTONE 343 U","343","#47645a"
"PANTONE 7723 U","7723","#69ab94"
"PANTONE 7724 U","7724","#4c9a80"
"PANTONE 7725 U","7725","#339073"
"PANTONE 7726 U","7726","#31836a"
"PANTONE 7727 U","7727","#3d7b66"
"PANTONE 7728 U","7728","#457766"
"PANTONE 7729 U","7729","#476f66"
"PANTONE 3375 U","3375","#59dfb9"
"PANTONE 3385 U","3385","#2bd2aa"
"PANTONE 3395 U","3395","#00c597"
"PANTONE 3405 U","3405","#00b07d"
"PANTONE 3415 U","3415","#2a7f68"
"PANTONE 3425 U","3425","#3e7664"
"PANTONE 3435 U","3435","#49665c"
"PANTONE 344 U","344","#8bd6ad"
"PANTONE 345 U","345","#6ccc9e"
"PANTONE 346 U","346","#49bc88"
"PANTONE 347 U","347","#129a63"
"PANTONE 348 U","348","#34845c"
"PANTONE 349 U","349","#467158"
"PANTONE 350 U","350","#546758"
"PANTONE 351 U","351","#8fe6b5"
"PANTONE 352 U","352","#68dfa5"
"PANTONE 353 U","353","#46d593"
"PANTONE 354 U","354","#00a85e"
"PANTONE 355 U","355","#05965f"
"PANTONE 356 U","356","#337d58"
"PANTONE 357 U","357","#4f6e5b"
"PANTONE 7478 U","7478","#9de9c6"
"PANTONE 7479 U","7479","#17ca80"
"PANTONE 7480 U","7480","#00c082"
"PANTONE 7481 U","7481","#00b970"
"PANTONE 7482 U","7482","#23a671"
"PANTONE 7483 U","7483","#567761"
"PANTONE 7484 U","7484","#426d61"
"PANTONE 7730 U","7730","#659b7b"
"PANTONE 7731 U","7731","#57916d"
"PANTONE 7732 U","7732","#488364"
"PANTONE 7733 U","7733","#4a7c63"
"PANTONE 7734 U","7734","#597665"
"PANTONE 7735 U","7735","#5e7063"
"PANTONE 7736 U","7736","#5b6a63"
"PANTONE 7737 U","7737","#79ab66"
"PANTONE 7738 U","7738","#63a86a"
"PANTONE 7739 U","7739","#5aa26a"
"PANTONE 7740 U","7740","#5d9766"
"PANTONE 7741 U","7741","#639168"
"PANTONE 7742 U","7742","#678564"
"PANTONE 7743 U","7743","#5e745d"
"PANTONE 358 U","358","#97d78b"
"PANTONE 359 U","359","#7ccc79"
"PANTONE 360 U","360","#5bb660"
"PANTONE 361 U","361","#4aa951"
"PANTONE 362 U","362","#53934f"
"PANTONE 363 U","363","#56854e"
"PANTONE 364 U","364","#5a794e"
"PANTONE 7485 U","7485","#d4e4bf"
"PANTONE 7486 U","7486","#b6e295"
"PANTONE 7487 U","7487","#86df77"
"PANTONE 7488 U","7488","#5dce59"
"PANTONE 7489 U","7489","#79aa6d"
"PANTONE 7490 U","7490","#7c9d6b"
"PANTONE 7491 U","7491","#808c62"
"PANTONE 365 U","365","#c2e593"
"PANTONE 366 U","366","#a8db7e"
"PANTONE 367 U","367","#8ed06a"
"PANTONE 368 U","368","#64b246"
"PANTONE 369 U","369","#609f44"
"PANTONE 370 U","370","#678949"
"PANTONE 371 U","371","#67724d"
"PANTONE 372 U","372","#d0ef8f"
"PANTONE 373 U","373","#b6e974"
"PANTONE 374 U","374","#a2e35f"
"PANTONE 375 U","375","#6dc82c"
"PANTONE 376 U","376","#6bab38"
"PANTONE 377 U","377","#708f41"
"PANTONE 378 U","378","#737b4e"
"PANTONE 580 U","580","#c9dbac"
"PANTONE 579 U","579","#bbd19f"
"PANTONE 578 U","578","#a8c48e"
"PANTONE 577 U","577","#93b379"
"PANTONE 576 U","576","#7c9b62"
"PANTONE 575 U","575","#6f8456"
"PANTONE 574 U","574","#6b7356"
"PANTONE 5807 U","5807","#d0d3aa"
"PANTONE 5797 U","5797","#c7c99d"
"PANTONE 5787 U","5787","#babe8f"
"PANTONE 5777 U","5777","#a6a97c"
"PANTONE 5767 U","5767","#93986d"
"PANTONE 5757 U","5757","#81845d"
"PANTONE 5747 U","5747","#71744f"
"PANTONE 5875 U","5875","#d7d3a2"
"PANTONE 5865 U","5865","#cdc895"
"PANTONE 5855 U","5855","#bdb78a"
"PANTONE 5845 U","5845","#a8a276"
"PANTONE 5835 U","5835","#958f66"
"PANTONE 5825 U","5825","#8b865d"
"PANTONE 5815 U","5815","#756f4d"
"PANTONE 5803 U","5803","#d0d2b9"
"PANTONE 5793 U","5793","#c6caaf"
"PANTONE 5783 U","5783","#b7bba0"
"PANTONE 5773 U","5773","#9ba185"
"PANTONE 5763 U","5763","#7f866e"
"PANTONE 5753 U","5753","#757b62"
"PANTONE 5743 U","5743","#636951"
"PANTONE 7492 U","7492","#bdc986"
"PANTONE 7493 U","7493","#b8c193"
"PANTONE 7494 U","7494","#9db092"
"PANTONE 7495 U","7495","#828d5a"
"PANTONE 7496 U","7496","#758348"
"PANTONE 7497 U","7497","#8c8778"
"PANTONE 7498 U","7498","#797d64"
"PANTONE 7744 U","7744","#b9be57"
"PANTONE 7745 U","7745","#afb25e"
"PANTONE 7746 U","7746","#9d9f61"
"PANTONE 7747 U","7747","#919561"
"PANTONE 7748 U","7748","#878b61"
"PANTONE 7749 U","7749","#818364"
"PANTONE 7750 U","7750","#787a62"
"PANTONE 379 U","379","#e9ed7b"
"PANTONE 380 U","380","#d4e458"
"PANTONE 381 U","381","#b9d738"
"PANTONE 382 U","382","#97c222"
"PANTONE 383 U","383","#8f9a36"
"PANTONE 384 U","384","#868b3b"
"PANTONE 385 U","385","#7f7b4a"
"PANTONE 386 U","386","#f0f179"
"PANTONE 387 U","387","#e3ed56"
"PANTONE 388 U","388","#d4e837"
"PANTONE 389 U","389","#badc04"
"PANTONE 390 U","390","#96a924"
"PANTONE 391 U","391","#888a3b"
"PANTONE 392 U","392","#7e7d42"
"PANTONE 587 U","587","#ebeb97"
"PANTONE 586 U","586","#e8e889"
"PANTONE 585 U","585","#e3e686"
"PANTONE 584 U","584","#cfd566"
"PANTONE 583 U","583","#a8b242"
"PANTONE 582 U","582","#919144"
"PANTONE 581 U","581","#79744a"
"PANTONE 393 U","393","#faf283"
"PANTONE 394 U","394","#f2ef56"
"PANTONE 395 U","395","#eeec41"
"PANTONE 396 U","396","#dae200"
"PANTONE 397 U","397","#a7aa31"
"PANTONE 398 U","398","#959539"
"PANTONE 399 U","399","#8a8536"
"PANTONE 3935 U","3935","#fcf389"
"PANTONE 3945 U","3945","#fcf05f"
"PANTONE 3955 U","3955","#faeb37"
"PANTONE 3965 U","3965","#f7e812"
"PANTONE 3975 U","3975","#b6a72b"
"PANTONE 3985 U","3985","#9c903e"
"PANTONE 3995 U","3995","#847c4b"
"PANTONE 600 U","600","#fbf29e"
"PANTONE 601 U","601","#f9ef90"
"PANTONE 602 U","602","#faee85"
"PANTONE 603 U","603","#f3e564"
"PANTONE 604 U","604","#eedc4d"
"PANTONE 605 U","605","#e2cc38"
"PANTONE 606 U","606","#d0b929"
"PANTONE 607 U","607","#f4eaa0"
"PANTONE 608 U","608","#f0e690"
"PANTONE 609 U","609","#ece080"
"PANTONE 610 U","610","#e2d26a"
"PANTONE 611 U","611","#cab84d"
"PANTONE 612 U","612","#b8a83f"
"PANTONE 613 U","613","#a39337"
"PANTONE 461 U","461","#f0e2a0"
"PANTONE 460 U","460","#e9d98c"
"PANTONE 459 U","459","#dfcb77"
"PANTONE 458 U","458","#cfb963"
"PANTONE 457 U","457","#b09744"
"PANTONE 456 U","456","#918144"
"PANTONE 455 U","455","#786f48"
"PANTONE 614 U","614","#e2d9a0"
"PANTONE 615 U","615","#d9d096"
"PANTONE 616 U","616","#cfc58a"
"PANTONE 617 U","617","#bbb276"
"PANTONE 618 U","618","#a69d62"
"PANTONE 619 U","619","#978d53"
"PANTONE 620 U","620","#887f4a"
"PANTONE 7751 U","7751","#d2bd71"
"PANTONE 7752 U","7752","#d7b961"
"PANTONE 7753 U","7753","#c8ab5f"
"PANTONE 7754 U","7754","#a5915e"
"PANTONE 7755 U","7755","#90855f"
"PANTONE 7756 U","7756","#847c63"
"PANTONE 7757 U","7757","#7a765f"
"PANTONE 7758 U","7758","#dbc958"
"PANTONE 7759 U","7759","#c9b954"
"PANTONE 7760 U","7760","#988f5e"
"PANTONE 7761 U","7761","#818162"
"PANTONE 7762 U","7762","#757a63"
"PANTONE 7763 U","7763","#727463"
"PANTONE 7764 U","7764","#6c6e5f"
"PANTONE 7765 U","7765","#c2b95d"
"PANTONE 7766 U","7766","#bdb35f"
"PANTONE 7767 U","7767","#b2a764"
"PANTONE 7768 U","7768","#958b61"
"PANTONE 7769 U","7769","#80785f"
"PANTONE 7770 U","7770","#787262"
"PANTONE 7771 U","7771","#66655b"
"PANTONE 4545 U","4545","#d7cba6"
"PANTONE 4535 U","4535","#cbbe96"
"PANTONE 4525 U","4525","#c2b58e"
"PANTONE 4515 U","4515","#b2a47d"
"PANTONE 4505 U","4505","#a49671"
"PANTONE 4495 U","4495","#91835e"
"PANTONE 4485 U","4485","#7d6e4a"
"PANTONE 454 U","454","#cdc6ac"
"PANTONE 453 U","453","#beb99b"
"PANTONE 452 U","452","#a9a587"
"PANTONE 451 U","451","#949073"
"PANTONE 450 U","450","#80775a"
"PANTONE 449 U","449","#726b54"
"PANTONE 448 U","448","#67614d"
"PANTONE 7499 U","7499","#fdedbc"
"PANTONE 7500 U","7500","#e7d5ab"
"PANTONE 7501 U","7501","#dfcba5"
"PANTONE 7502 U","7502","#c8af87"
"PANTONE 7503 U","7503","#9e9171"
"PANTONE 7504 U","7504","#958173"
"PANTONE 7505 U","7505","#887566"
"PANTONE 468 U","468","#e1cdab"
"PANTONE 467 U","467","#d5b991"
"PANTONE 466 U","466","#c4a57f"
"PANTONE 465 U","465","#b3946f"
"PANTONE 464 U","464","#9e7b56"
"PANTONE 463 U","463","#876e51"
"PANTONE 462 U","462","#72624e"
"PANTONE 7506 U","7506","#fce1b7"
"PANTONE 7507 U","7507","#ffdcab"
"PANTONE 7508 U","7508","#e2b384"
"PANTONE 7509 U","7509","#d4a273"
"PANTONE 7510 U","7510","#bf8b60"
"PANTONE 7511 U","7511","#a8774f"
"PANTONE 7512 U","7512","#986b46"
"PANTONE 719 U","719","#f3c6a1"
"PANTONE 720 U","720","#edba92"
"PANTONE 721 U","721","#e1a87f"
"PANTONE 722 U","722","#cc936b"
"PANTONE 723 U","723","#ba825d"
"PANTONE 724 U","724","#a77350"
"PANTONE 725 U","725","#956847"
"PANTONE 475 U","475","#fccdae"
"PANTONE 474 U","474","#f7be9d"
"PANTONE 473 U","473","#f0ab87"
"PANTONE 472 U","472","#df9372"
"PANTONE 471 U","471","#c07b54"
"PANTONE 470 U","470","#a57052"
"PANTONE 469 U","469","#7c614b"
"PANTONE 726 U","726","#e8c6a8"
"PANTONE 727 U","727","#dcb696"
"PANTONE 728 U","728","#cca181"
"PANTONE 729 U","729","#bc9375"
"PANTONE 730 U","730","#a67f62"
"PANTONE 731 U","731","#967156"
"PANTONE 732 U","732","#88674d"
"PANTONE 4685 U","4685","#e7cab4"
"PANTONE 4675 U","4675","#dcbaa2"
"PANTONE 4665 U","4665","#cca58e"
"PANTONE 4655 U","4655","#b38f7b"
"PANTONE 4645 U","4645","#a17d6a"
"PANTONE 4635 U","4635","#93715e"
"PANTONE 4625 U","4625","#725845"
"PANTONE 7513 U","7513","#e9bbb5"
"PANTONE 7514 U","7514","#dcab9c"
"PANTONE 7515 U","7515","#c4917e"
"PANTONE 7516 U","7516","#a27461"
"PANTONE 7517 U","7517","#946956"
"PANTONE 7518 U","7518","#817272"
"PANTONE 7519 U","7519","#756c65"
"PANTONE 4755 U","4755","#ddc6ba"
"PANTONE 4745 U","4745","#cfb3a9"
"PANTONE 4735 U","4735","#c0a096"
"PANTONE 4725 U","4725","#b19289"
"PANTONE 4715 U","4715","#9b7c73"
"PANTONE 4705 U","4705","#8d7066"
"PANTONE 4695 U","4695","#795c51"
"PANTONE 482 U","482","#e2c7b9"
"PANTONE 481 U","481","#d5b6a7"
"PANTONE 480 U","480","#c7a292"
"PANTONE 479 U","479","#b08b7f"
"PANTONE 478 U","478","#916d5d"
"PANTONE 477 U","477","#806457"
"PANTONE 476 U","476","#6f5d51"
"PANTONE 7527 U","7527","#dcd7d2"
"PANTONE 7528 U","7528","#d3c7c4"
"PANTONE 7529 U","7529","#bcafa9"
"PANTONE 7530 U","7530","#a99c96"
"PANTONE 7531 U","7531","#8b7f79"
"PANTONE 7532 U","7532","#786e66"
"PANTONE 7533 U","7533","#6f655d"
"PANTONE 7534 U","7534","#d1cbc2"
"PANTONE 7535 U","7535","#c1bbb1"
"PANTONE 7536 U","7536","#afa99d"
"PANTONE 7537 U","7537","#b3b8b7"
"PANTONE 7538 U","7538","#a5aaa8"
"PANTONE 7539 U","7539","#9b9fa1"
"PANTONE 7540 U","7540","#70747c"
"PANTONE 427 U","427","#c3c7ca"
"PANTONE 428 U","428","#acb3b7"
"PANTONE 429 U","429","#91999f"
"PANTONE 430 U","430","#808990"
"PANTONE 431 U","431","#747c83"
"PANTONE 432 U","432","#676c72"
"PANTONE 433 U","433","#5b5c61"
"PANTONE 420 U","420","#bebebe"
"PANTONE 421 U","421","#b2b5b4"
"PANTONE 422 U","422","#9ea1a2"
"PANTONE 423 U","423","#919497"
"PANTONE 424 U","424","#89898b"
"PANTONE 425 U","425","#7d7d7f"
"PANTONE 426 U","426","#686868"
"PANTONE 441 U","441","#b7c2c2"
"PANTONE 442 U","442","#acb6b6"
"PANTONE 443 U","443","#8d9b9b"
"PANTONE 444 U","444","#7c8788"
"PANTONE 445 U","445","#697173"
"PANTONE 446 U","446","#626969"
"PANTONE 447 U","447","#5e625f"
"PANTONE 413 U","413","#bdbdb5"
"PANTONE 414 U","414","#acaca6"
"PANTONE 415 U","415","#9c9f99"
"PANTONE 416 U","416","#92928c"
"PANTONE 417 U","417","#83847e"
"PANTONE 418 U","418","#7a7b75"
"PANTONE 419 U","419","#585955"
"PANTONE 400 U","400","#c7c1b9"
"PANTONE 401 U","401","#b3aea8"
"PANTONE 402 U","402","#a39e98"
"PANTONE 403 U","403","#928e89"
"PANTONE 404 U","404","#8b8782"
"PANTONE 405 U","405","#77736d"
"PANTONE Black U","black","#625e59"
"PANTONE 406 U","406","#c7beba"
"PANTONE 407 U","407","#aba2a1"
"PANTONE 408 U","408","#9d9593"
"PANTONE 409 U","409","#948c8a"
"PANTONE 410 U","410","#8a8280"
"PANTONE 411 U","411","#7a7270"
"PANTONE 412 U","412","#645c59"
"PANTONE 434 U","434","#d5cacb"
"PANTONE 435 U","435","#b6aaad"
"PANTONE 436 U","436","#a79b9e"
"PANTONE 437 U","437","#8c8084"
"PANTONE 438 U","438","#807475"
"PANTONE 439 U","439","#726869"
"PANTONE 440 U","440","#696160"
"PANTONE Warm Gray 1 U","warm-gray-1","#ddd4cc"
"PANTONE Warm Gray 2 U","warm-gray-2","#cfc7bf"
"PANTONE Warm Gray 3 U","warm-gray-3","#bdb6b0"
"PANTONE Warm Gray 4 U","warm-gray-4","#b4aca7"
"PANTONE Warm Gray 5 U","warm-gray-5","#a8a19b"
"PANTONE Warm Gray 6 U","warm-gray-6","#a29b95"
"PANTONE Warm Gray 7 U","warm-gray-7","#968f8b"
"PANTONE Warm Gray 8 U","warm-gray-8","#8f8884"
"PANTONE Warm Gray 9 U","warm-gray-9","#867f7b"
"PANTONE Warm Gray 10 U","warm-gray-10","#837c78"
"PANTONE Warm Gray 11 U","warm-gray-11","#7e7773"
"PANTONE Cool Gray 1 U","cool-gray-1","#dad9d7"
"PANTONE Cool Gray 2 U","cool-gray-2","#cacac8"
"PANTONE Cool Gray 3 U","cool-gray-3","#c5c5c5"
"PANTONE Cool Gray 4 U","cool-gray-4","#b8b8ba"
"PANTONE Cool Gray 5 U","cool-gray-5","#adaeb0"
"PANTONE Cool Gray 6 U","cool-gray-6","#a4a5a9"
"PANTONE Cool Gray 7 U","cool-gray-7","#9c9da0"
"PANTONE Cool Gray 8 U","cool-gray-8","#939598"
"PANTONE Cool Gray 9 U","cool-gray-9","#898b8e"
"PANTONE Cool Gray 10 U","cool-gray-10","#828387"
"PANTONE Cool Gray 11 U","cool-gray-11","#7b7c81"
"PANTONE Black 2 U","black-2","#656051"
"PANTONE Black 3 U","black-3","#5a5d59"
"PANTONE Black 4 U","black-4","#6a5f56"
"PANTONE Black 5 U","black-5","#685b5d"
"PANTONE Black 6 U","black-6","#4d4e56"
"PANTONE Black 7 U","black-7","#6c6864"