"PANTONE Process Yellow CP","process-yellow","#ffed00"
"PANTONE Process Magenta CP","process-magenta","#e3007d"
"PANTONE Process Cyan CP","process-cyan","#00a0e1"
"PANTONE Process Black CP","process-black","#2d2c2b"
"PANTONE 100 CP","100","#fff58d"
"PANTONE 101 CP","101","#fff26d"
"PANTONE 102 CP","102","#ffed00"
"PANTONE Yellow CP","yellow","#ffeb00"
"PANTONE 103 CP","103","#ddc600"
"PANTONE 104 CP","104","#c1a80d"
"PANTONE 105 CP","105","#988633"
"PANTONE 7401 CP","7401","#fff4cb"
"PANTONE 7402 CP","7402","#feeea5"
"PANTONE 7403 CP","7403","#fbde83"
"PANTONE 7404 CP","7404","#ffe234"
"PANTONE 7405 CP","7405","#ffd800"
"PANTONE 7406 CP","7406","#fcc900"
"PANTONE 7407 CP","7407","#d9a04a"
"PANTONE 106 CP","106","#fff159"
"PANTONE 107 CP","107","#ffee00"
"PANTONE 108 CP","108","#ffe500"
"PANTONE 109 CP","109","#ffde00"
"PANTONE 110 CP","110","#edbc00"
"PANTONE 111 CP","111","#be9d15"
"PANTONE 112 CP","112","#a58c1c"
"PANTONE 113 CP","113","#ffec3d"
"PANTONE 114 CP","114","#ffe82e"
"PANTONE 115 CP","115","#ffe52f"
"PANTONE 116 CP","116","#ffd600"
"PANTONE 117 CP","117","#dcab0b"
"PANTONE 118 CP","118","#b9911a"
"PANTONE 119 CP","119","#907d21"
"PANTONE 127 CP","127","#ffed7d"
"PANTONE 128 CP","128","#ffe659"
"PANTONE 129 CP","129","#ffde4f"
"PANTONE 130 CP","130","#fbb600"
"PANTONE 131 CP","131","#e29d14"
"PANTONE 132 CP","132","#b0811f"
"PANTONE 133 CP","133","#786024"
"PANTONE 1205 CP","1205","#fff2ab"
"PANTONE 1215 CP","1215","#ffec93"
"PANTONE 1225 CP","1225","#ffd14e"
"PANTONE 1235 CP","1235","#fcb909"
"PANTONE 1245 CP","1245","#cf981c"
"PANTONE 1255 CP","1255","#b48722"
"PANTONE 1265 CP","1265","#93712a"
"PANTONE 120 CP","120","#ffeb77"
"PANTONE 121 CP","121","#ffe566"
"PANTONE 122 CP","122","#ffde4a"
"PANTONE 123 CP","123","#ffcf2d"
"PANTONE 124 CP","124","#fcba00"
"PANTONE 125 CP","125","#c59418"
"PANTONE 126 CP","126","#a8841e"
"PANTONE 7548 CP","7548","#ffd900"
"PANTONE 7549 CP","7549","#fcc600"
"PANTONE 7550 CP","7550","#e3a418"
"PANTONE 7551 CP","7551","#bb8225"
"PANTONE 7552 CP","7552","#785b24"
"PANTONE 7553 CP","7553","#5c4932"
"PANTONE 7554 CP","7554","#463a2e"
"PANTONE 7555 CP","7555","#e7af10"
"PANTONE 7556 CP","7556","#cc971d"
"PANTONE 7557 CP","7557","#a7831f"
"PANTONE 7558 CP","7558","#9c782a"
"PANTONE 7559 CP","7559","#926e2a"
"PANTONE 7560 CP","7560","#7f6429"
"PANTONE 7561 CP","7561","#6d572c"
"PANTONE 134 CP","134","#ffe07f"
"PANTONE 135 CP","135","#ffcd55"
"PANTONE 136 CP","136","#fdc037"
"PANTONE 137 CP","137","#f8a60e"
"PANTONE 138 CP","138","#f3901b"
"PANTONE 139 CP","139","#bd7a21"
"PANTONE 140 CP","140","#7e5a25"
"PANTONE 1345 CP","1345","#ffda95"
"PANTONE 1355 CP","1355","#fecf7b"
"PANTONE 1365 CP","1365","#fab653"
"PANTONE 1375 CP","1375","#f69f29"
"PANTONE 1385 CP","1385","#e98520"
"PANTONE 1395 CP","1395","#a16424"
"PANTONE 1405 CP","1405","#734f25"
"PANTONE 141 CP","141","#ffd871"
"PANTONE 142 CP","142","#fec850"
"PANTONE 143 CP","143","#fbb838"
"PANTONE 144 CP","144","#f4921a"
"PANTONE 145 CP","145","#df851f"
"PANTONE 146 CP","146","#ac7022"
"PANTONE 147 CP","147","#79602e"
"PANTONE 7408 CP","7408","#fcbc00"
"PANTONE 7409 CP","7409","#fcb900"
"PANTONE 7410 CP","7410","#f7ab74"
"PANTONE 7411 CP","7411","#f3a654"
"PANTONE 7412 CP","7412","#dc7b2a"
"PANTONE 7413 CP","7413","#e77c26"
"PANTONE 7414 CP","7414","#c06326"
"PANTONE 7562 CP","7562","#cca360"
"PANTONE 7563 CP","7563","#ecae37"
"PANTONE 7564 CP","7564","#ef9a16"
"PANTONE 7565 CP","7565","#df8423"
"PANTONE 7566 CP","7566","#bb5f29"
"PANTONE 7567 CP","7567","#7f4926"
"PANTONE 7568 CP","7568","#6e4225"
"PANTONE 7569 CP","7569","#eb9816"
"PANTONE 7570 CP","7570","#e28f21"
"PANTONE 7571 CP","7571","#ce8325"
"PANTONE 7572 CP","7572","#b9742c"
"PANTONE 7573 CP","7573","#aa6a33"
"PANTONE 7574 CP","7574","#a2662f"
"PANTONE 7575 CP","7575","#81562a"
"PANTONE 712 CP","712","#fcd8b9"
"PANTONE 713 CP","713","#fac9a2"
"PANTONE 714 CP","714","#f7ae75"
"PANTONE 715 CP","715","#f28d3a"
"PANTONE 716 CP","716","#f07d24"
"PANTONE 717 CP","717","#ed6f24"
"PANTONE 718 CP","718","#dd5d26"
"PANTONE 148 CP","148","#fedba3"
"PANTONE 149 CP","149","#fccd8e"
"PANTONE 150 CP","150","#f7a94e"
"PANTONE 151 CP","151","#f07f21"
"PANTONE 152 CP","152","#ee7323"
"PANTONE 153 CP","153","#c96925"
"PANTONE 154 CP","154","#9c5426"
"PANTONE 155 CP","155","#ffe5b8"
"PANTONE 156 CP","156","#fdcf93"
"PANTONE 157 CP","157","#f7a856"
"PANTONE 158 CP","158","#ef7c2c"
"PANTONE 159 CP","159","#de6126"
"PANTONE 160 CP","160","#ae5426"
"PANTONE 161 CP","161","#633d24"
"PANTONE 1485 CP","1485","#f9b97a"
"PANTONE 1495 CP","1495","#f69f4d"
"PANTONE 1505 CP","1505","#f28935"
"PANTONE Orange 021 CP","orange-021","#ee7523"
"PANTONE 1525 CP","1525","#d85727"
"PANTONE 1535 CP","1535","#964727"
"PANTONE 1545 CP","1545","#613825"
"PANTONE 1555 CP","1555","#fbccaa"
"PANTONE 1565 CP","1565","#f7b185"
"PANTONE 1575 CP","1575","#f4954e"
"PANTONE 1585 CP","1585","#f07d28"
"PANTONE 1595 CP","1595","#e76625"
"PANTONE 1605 CP","1605","#ac5326"
"PANTONE 1615 CP","1615","#904926"
"PANTONE 162 CP","162","#fbcdad"
"PANTONE 163 CP","163","#f5a77f"
"PANTONE 164 CP","164","#f18446"
"PANTONE 165 CP","165","#ec6925"
"PANTONE 166 CP","166","#ea5d27"
"PANTONE 167 CP","167","#c95328"
"PANTONE 168 CP","168","#773a26"
"PANTONE 7576 CP","7576","#ea9550"
"PANTONE 7577 CP","7577","#ef8d5b"
"PANTONE 7578 CP","7578","#ee7024"
"PANTONE 7579 CP","7579","#eb6126"
"PANTONE 7580 CP","7580","#d0542b"
"PANTONE 7581 CP","7581","#834b38"
"PANTONE 7582 CP","7582","#674935"
"PANTONE 1625 CP","1625","#f6ae93"
"PANTONE 1635 CP","1635","#f39875"
"PANTONE 1645 CP","1645","#ef7b4d"
"PANTONE 1655 CP","1655","#ec6429"
"PANTONE 1665 CP","1665","#ea5727"
"PANTONE 1675 CP","1675","#b34428"
"PANTONE 1685 CP","1685","#8b3d27"
"PANTONE 169 CP","169","#f9c5b7"
"PANTONE 170 CP","170","#f49f80"
"PANTONE 171 CP","171","#f07f52"
"PANTONE 172 CP","172","#ec6439"
"PANTONE 173 CP","173","#e54f30"
"PANTONE 174 CP","174","#a13c28"
"PANTONE 175 CP","175","#793c32"
"PANTONE 7583 CP","7583","#d76428"
"PANTONE 7584 CP","7584","#ce5f25"
"PANTONE 7585 CP","7585","#c36132"
"PANTONE 7586 CP","7586","#a3522f"
"PANTONE 7587 CP","7587","#974c2e"
"PANTONE 7588 CP","7588","#7a4f38"
"PANTONE 7589 CP","7589","#553932"
"PANTONE 7590 CP","7590","#e6c3ad"
"PANTONE 7591 CP","7591","#d6895d"
"PANTONE 7592 CP","7592","#c35e37"
"PANTONE 7593 CP","7593","#a4452e"
"PANTONE 7594 CP","7594","#824837"
"PANTONE 7595 CP","7595","#784c37"
"PANTONE 7596 CP","7596","#533227"
"PANTONE 7597 CP","7597","#e14729"
"PANTONE 7598 CP","7598","#d64528"
"PANTONE 7599 CP","7599","#c5432a"
"PANTONE 7600 CP","7600","#8a3f2f"
"PANTONE 7601 CP","7601","#853c27"
"PANTONE 7602 CP","7602","#764428"
"PANTONE 7603 CP","7603","#603b25"
"PANTONE 7604 CP","7604","#f6ebe9"
"PANTONE 7605 CP","7605","#f3d1cc"
"PANTONE 7606 CP","7606","#eba8a2"
"PANTONE 7607 CP","7607","#d77a6d"
"PANTONE 7608 CP","7608","#b44e3f"
"PANTONE 7609 CP","7609","#8b3c34"
"PANTONE 7610 CP","7610","#6b3733"
"PANTONE 7611 CP","7611","#f1d3c9"
"PANTONE 7612 CP","7612","#deac9c"
"PANTONE 7613 CP","7613","#cf9886"
"PANTONE 7614 CP","7614","#b58c7e"
"PANTONE 7615 CP","7615","#886861"
"PANTONE 7616 CP","7616","#795754"
"PANTONE 7617 CP","7617","#5d3f3d"
"PANTONE 7520 CP","7520","#f8cdc3"
"PANTONE 7521 CP","7521","#d8ad9d"
"PANTONE 7522 CP","7522","#c87062"
"PANTONE 7523 CP","7523","#b86160"
"PANTONE 7524 CP","7524","#b04c4b"
"PANTONE 7525 CP","7525","#a76a52"
"PANTONE 7526 CP","7526","#903c27"
"PANTONE 489 CP","489","#fcd9c9"
"PANTONE 488 CP","488","#f8c4b7"
"PANTONE 487 CP","487","#f5aa95"
"PANTONE 486 CP","486","#f2907a"
"PANTONE 485 CP","485","#e52f2a"
"PANTONE 484 CP","484","#a53429"
"PANTONE 483 CP","483","#62352c"
"PANTONE 176 CP","176","#f7bdbf"
"PANTONE 177 CP","177","#f2928d"
"PANTONE 178 CP","178","#ed6c62"
"PANTONE Warm Red CP","warm-red","#e94d40"
"PANTONE 179 CP","179","#e74439"
"PANTONE 180 CP","180","#cd3936"
"PANTONE 181 CP","181","#7e312d"
"PANTONE 1765 CP","1765","#f5afb7"
"PANTONE 1775 CP","1775","#f39fa8"
"PANTONE 1785 CP","1785","#eb5e62"
"PANTONE 1788 CP","1788","#e7423c"
"PANTONE 1795 CP","1795","#e12b30"
"PANTONE 1805 CP","1805","#b92d38"
"PANTONE 1815 CP","1815","#7c2c2c"
"PANTONE 1767 CP","1767","#f7c2cd"
"PANTONE 1777 CP","1777","#ee788b"
"PANTONE 1787 CP","1787","#e9505f"
"PANTONE Red 032 CP","red-032","#e84751"
"PANTONE 1797 CP","1797","#d62a36"
"PANTONE 1807 CP","1807","#a3323b"
"PANTONE 1817 CP","1817","#5b3032"
"PANTONE 7618 CP","7618","#dc7852"
"PANTONE 7619 CP","7619","#d55338"
"PANTONE 7620 CP","7620","#b52f2d"
"PANTONE 7621 CP","7621","#b0282e"
"PANTONE 7622 CP","7622","#982b2d"
"PANTONE 7623 CP","7623","#8a2c2c"
"PANTONE 7624 CP","7624","#7e2b2a"
"PANTONE 7625 CP","7625","#e95040"
"PANTONE 7626 CP","7626","#e2352f"
"PANTONE 7627 CP","7627","#ba3232"
"PANTONE 7628 CP","7628","#a53236"
"PANTONE 7629 CP","7629","#6c3231"
"PANTONE 7630 CP","7630","#5f312b"
"PANTONE 7631 CP","7631","#583035"
"PANTONE 7415 CP","7415","#f7c8b8"
"PANTONE 7416 CP","7416","#ec6750"
"PANTONE 7417 CP","7417","#e74d3a"
"PANTONE 7418 CP","7418","#d54c5a"
"PANTONE 7419 CP","7419","#b35060"
"PANTONE 7420 CP","7420","#a32343"
"PANTONE 7421 CP","7421","#682535"
"PANTONE 182 CP","182","#f8c6d2"
"PANTONE 183 CP","183","#f3a0b0"
"PANTONE 184 CP","184","#ec667f"
"PANTONE 185 CP","185","#e6343e"
"PANTONE 186 CP","186","#d71e36"
"PANTONE 187 CP","187","#b02434"
"PANTONE 188 CP","188","#762732"
"PANTONE 196 CP","196","#fad5de"
"PANTONE 197 CP","197","#f4a7ba"
"PANTONE 198 CP","198","#e95071"
"PANTONE 199 CP","199","#e41941"
"PANTONE 200 CP","200","#cb1f40"
"PANTONE 201 CP","201","#a6243a"
"PANTONE 202 CP","202","#8b2636"
"PANTONE 189 CP","189","#f5b6c6"
"PANTONE 190 CP","190","#f190a5"
"PANTONE 191 CP","191","#ea5875"
"PANTONE 192 CP","192","#e6304c"
"PANTONE 193 CP","193","#cf2147"
"PANTONE 194 CP","194","#9e2440"
"PANTONE 195 CP","195","#7a313e"
"PANTONE 1895 CP","1895","#f7c9dc"
"PANTONE 1905 CP","1905","#f3a5bd"
"PANTONE 1915 CP","1915","#eb6189"
"PANTONE 1925 CP","1925","#e52457"
"PANTONE 1935 CP","1935","#d9184e"
"PANTONE 1945 CP","1945","#af2144"
"PANTONE 1955 CP","1955","#93243d"
"PANTONE 705 CP","705","#fdecef"
"PANTONE 706 CP","706","#fad5dc"
"PANTONE 707 CP","707","#f6bccc"
"PANTONE 708 CP","708","#f197ab"
"PANTONE 709 CP","709","#ed7087"
"PANTONE 710 CP","710","#e94b65"
"PANTONE 711 CP","711","#e52740"
"PANTONE 698 CP","698","#fbe3e8"
"PANTONE 699 CP","699","#f8cdda"
"PANTONE 700 CP","700","#f5b4c7"
"PANTONE 701 CP","701","#f08ba8"
"PANTONE 702 CP","702","#e1597a"
"PANTONE 703 CP","703","#c43750"
"PANTONE 704 CP","704","#a72b37"
"PANTONE 203 CP","203","#f6bbd3"
"PANTONE 204 CP","204","#f08ab0"
"PANTONE 205 CP","205","#e94c83"
"PANTONE 206 CP","206","#e41355"
"PANTONE 207 CP","207","#b91f4c"
"PANTONE 208 CP","208","#8b2345"
"PANTONE 209 CP","209","#74283d"
"PANTONE 210 CP","210","#f3aac6"
"PANTONE 211 CP","211","#ef84ac"
"PANTONE 212 CP","212","#ea5992"
"PANTONE 213 CP","213","#e63078"
"PANTONE 214 CP","214","#dd0868"
"PANTONE 215 CP","215","#b51a5a"
"PANTONE 216 CP","216","#832849"
"PANTONE 7422 CP","7422","#fbe3ea"
"PANTONE 7423 CP","7423","#ec6692"
"PANTONE 7424 CP","7424","#e73782"
"PANTONE 7425 CP","7425","#c82760"
"PANTONE 7426 CP","7426","#b9224f"
"PANTONE 7427 CP","7427","#a42539"
"PANTONE 7428 CP","7428","#6e283d"
"PANTONE 7632 CP","7632","#efe2e4"
"PANTONE 7633 CP","7633","#d7b4bb"
"PANTONE 7634 CP","7634","#d6708f"
"PANTONE 7635 CP","7635","#da386f"
"PANTONE 7636 CP","7636","#d01853"
"PANTONE 7637 CP","7637","#9a2e48"
"PANTONE 7638 CP","7638","#8e3048"
"PANTONE 217 CP","217","#f5c4dc"
"PANTONE 218 CP","218","#eb7faf"
"PANTONE 219 CP","219","#e42e83"
"PANTONE Rubine Red CP","rubine-red","#df066a"
"PANTONE 220 CP","220","#b61a5a"
"PANTONE 221 CP","221","#9c1f50"
"PANTONE 222 CP","222","#702342"
"PANTONE 7639 CP","7639","#9c747c"
"PANTONE 7640 CP","7640","#a3445e"
"PANTONE 7641 CP","7641","#9c294e"
"PANTONE 7642 CP","7642","#7a304d"
"PANTONE 7643 CP","7643","#6f2f49"
"PANTONE 7644 CP","7644","#5c2c40"
"PANTONE 7645 CP","7645","#552c3c"
"PANTONE 223 CP","223","#f09fc4"
"PANTONE 224 CP","224","#e76da4"
"PANTONE 225 CP","225","#e13c8b"
"PANTONE 226 CP","226","#e3007b"
"PANTONE 227 CP","227","#b81566"
"PANTONE 228 CP","228","#8f1f54"
"PANTONE 229 CP","229","#6b2343"
"PANTONE 230 CP","230","#f2b2d0"
"PANTONE 231 CP","231","#ea86b4"
"PANTONE 232 CP","232","#e36ca4"
"PANTONE Rhodamine Red CP","rhodamine-red","#da3f8d"
"PANTONE 233 CP","233","#d2067d"
"PANTONE 234 CP","234","#af196c"
"PANTONE 235 CP","235","#8c1f57"
"PANTONE 670 CP","670","#f9e1ed"
"PANTONE 671 CP","671","#f2cbe0"
"PANTONE 672 CP","672","#e9a6c9"
"PANTONE 673 CP","673","#e190bb"
"PANTONE 674 CP","674","#d04a92"
"PANTONE 675 CP","675","#be1378"
"PANTONE 676 CP","676","#a41b5b"
"PANTONE 677 CP","677","#f5e0eb"
"PANTONE 678 CP","678","#f1d3e4"
"PANTONE 679 CP","679","#f0c9df"
"PANTONE 680 CP","680","#d998bc"
"PANTONE 681 CP","681","#c56a9c"
"PANTONE 682 CP","682","#9c3b72"
"PANTONE 683 CP","683","#7b2350"
"PANTONE 684 CP","684","#f2d5e3"
"PANTONE 685 CP","685","#f0c6da"
"PANTONE 686 CP","686","#e6acca"
"PANTONE 687 CP","687","#cf86ad"
"PANTONE 688 CP","688","#bf6797"
"PANTONE 689 CP","689","#8f3366"
"PANTONE 690 CP","690","#5f2441"
"PANTONE 510 CP","510","#f7c8da"
"PANTONE 509 CP","509","#f4bcd2"
"PANTONE 508 CP","508","#efb0c9"
"PANTONE 507 CP","507","#e195b2"
"PANTONE 506 CP","506","#773344"
"PANTONE 505 CP","505","#6b353d"
"PANTONE 504 CP","504","#583037"
"PANTONE 7429 CP","7429","#f4cfe0"
"PANTONE 7430 CP","7430","#eeb6d0"
"PANTONE 7431 CP","7431","#de8db0"
"PANTONE 7432 CP","7432","#c75c88"
"PANTONE 7433 CP","7433","#b53569"
"PANTONE 7434 CP","7434","#a12c58"
"PANTONE 7435 CP","7435","#87214c"
"PANTONE 691 CP","691","#fae4e7"
"PANTONE 692 CP","692","#f2ccd6"
"PANTONE 693 CP","693","#e5aebf"
"PANTONE 694 CP","694","#d38fa3"
"PANTONE 695 CP","695","#bb6f83"
"PANTONE 696 CP","696","#933f50"
"PANTONE 697 CP","697","#873946"
"PANTONE 496 CP","496","#f8cedb"
"PANTONE 495 CP","495","#f7c4d4"
"PANTONE 494 CP","494","#f3a5bb"
"PANTONE 493 CP","493","#e88ba2"
"PANTONE 492 CP","492","#8c393e"
"PANTONE 491 CP","491","#7a3637"
"PANTONE 490 CP","490","#5a3029"
"PANTONE 503 CP","503","#f8dae0"
"PANTONE 502 CP","502","#f7ced5"
"PANTONE 501 CP","501","#eab0be"
"PANTONE 500 CP","500","#d08d99"
"PANTONE 499 CP","499","#77413e"
"PANTONE 498 CP","498","#67382f"
"PANTONE 497 CP","497","#4f332b"
"PANTONE 5035 CP","5035","#f3d9dc"
"PANTONE 5025 CP","5025","#e6bcc2"
"PANTONE 5015 CP","5015","#dcaeb7"
"PANTONE 5005 CP","5005","#b07781"
"PANTONE 4995 CP","4995","#9a5d69"
"PANTONE 4985 CP","4985","#834552"
"PANTONE 4975 CP","4975","#422a2a"
"PANTONE 236 CP","236","#f0bad5"
"PANTONE 237 CP","237","#e796be"
"PANTONE 238 CP","238","#d8619e"
"PANTONE 239 CP","239","#d04d93"
"PANTONE 240 CP","240","#c83b8a"
"PANTONE 241 CP","241","#b31c7b"
"PANTONE 242 CP","242","#802257"
"PANTONE 2365 CP","2365","#f4c8de"
"PANTONE 2375 CP","2375","#d482b3"
"PANTONE 2385 CP","2385","#c44a92"
"PANTONE 2395 CP","2395","#bf3a8a"
"PANTONE 2405 CP","2405","#ac207f"
"PANTONE 2415 CP","2415","#a2217a"
"PANTONE 2425 CP","2425","#892464"
"PANTONE 243 CP","243","#f0c3db"
"PANTONE 244 CP","244","#e3a6ca"
"PANTONE 245 CP","245","#d58bb9"
"PANTONE 246 CP","246","#b73f8c"
"PANTONE 247 CP","247","#af2f84"
"PANTONE 248 CP","248","#a2237f"
"PANTONE 249 CP","249","#812d64"
"PANTONE 7646 CP","7646","#b77992"
"PANTONE 7647 CP","7647","#b7417d"
"PANTONE 7648 CP","7648","#ad1971"
"PANTONE 7649 CP","7649","#9d1e6f"
"PANTONE 7650 CP","7650","#7e245f"
"PANTONE 7651 CP","7651","#6f2c5d"
"PANTONE 7652 CP","7652","#6c2c5b"
"PANTONE 250 CP","250","#ebc9e0"
"PANTONE 251 CP","251","#d5a7cb"
"PANTONE 252 CP","252","#c06fa8"
"PANTONE Purple CP","purple","#a73c8a"
"PANTONE 253 CP","253","#a43a89"
"PANTONE 254 CP","254","#993084"
"PANTONE 255 CP","255","#792f6a"
"PANTONE 517 CP","517","#f5d1e4"
"PANTONE 516 CP","516","#f0c5dd"
"PANTONE 515 CP","515","#e6adce"
"PANTONE 514 CP","514","#d58ebb"
"PANTONE 513 CP","513","#8f2c81"
"PANTONE 512 CP","512","#7e2b71"
"PANTONE 511 CP","511","#5b254b"
"PANTONE 7436 CP","7436","#f8e5f0"
"PANTONE 7437 CP","7437","#dcb8d6"
"PANTONE 7438 CP","7438","#d39ec6"
"PANTONE 7439 CP","7439","#c18fbd"
"PANTONE 7440 CP","7440","#b07bb1"
"PANTONE 7441 CP","7441","#a164a2"
"PANTONE 7442 CP","7442","#85448e"
"PANTONE 2562 CP","2562","#d3b5d5"
"PANTONE 2572 CP","2572","#bd89b9"
"PANTONE 2582 CP","2582","#995196"
"PANTONE 2592 CP","2592","#853f8b"
"PANTONE 2602 CP","2602","#772f81"
"PANTONE 2612 CP","2612","#702f7e"
"PANTONE 2622 CP","2622","#5a295e"
"PANTONE 7653 CP","7653","#a598a5"
"PANTONE 7654 CP","7654","#b486ad"
"PANTONE 7655 CP","7655","#b562a0"
"PANTONE 7656 CP","7656","#9a3d87"
"PANTONE 7657 CP","7657","#752d67"
"PANTONE 7658 CP","7658","#6d325e"
"PANTONE 7659 CP","7659","#623755"
"PANTONE 524 CP","524","#e6d0e5"
"PANTONE 523 CP","523","#d8bad8"
"PANTONE 522 CP","522","#c8a1c9"
"PANTONE 521 CP","521","#b384b7"
"PANTONE 520 CP","520","#683576"
"PANTONE 519 CP","519","#592f5f"
"PANTONE 518 CP","518","#502f48"
"PANTONE 5245 CP","5245","#eee3e7"
"PANTONE 5235 CP","5235","#e3d0da"
"PANTONE 5225 CP","5225","#d2b9c8"
"PANTONE 5215 CP","5215","#b796ab"
"PANTONE 5205 CP","5205","#835b75"
"PANTONE 5195 CP","5195","#5f3b52"
"PANTONE 5185 CP","5185","#462d3c"
"PANTONE 5175 CP","5175","#ecdbe6"
"PANTONE 5165 CP","5165","#e7d5e3"
"PANTONE 5155 CP","5155","#d2b5cd"
"PANTONE 5145 CP","5145","#a87ea0"
"PANTONE 5135 CP","5135","#89547a"
"PANTONE 5125 CP","5125","#6c385c"
"PANTONE 5115 CP","5115","#4d293f"
"PANTONE 531 CP","531","#e8cfe4"
"PANTONE 530 CP","530","#dbbbd8"
"PANTONE 529 CP","529","#c99fc8"
"PANTONE 528 CP","528","#b280b4"
"PANTONE 527 CP","527","#703383"
"PANTONE 526 CP","526","#683282"
"PANTONE 525 CP","525","#51295a"
"PANTONE 256 CP","256","#e8d3e6"
"PANTONE 257 CP","257","#d4b3d4"
"PANTONE 258 CP","258","#935397"
"PANTONE 259 CP","259","#70307b"
"PANTONE 260 CP","260","#622c67"
"PANTONE 261 CP","261","#5b2858"
"PANTONE 262 CP","262","#562d51"
"PANTONE 2563 CP","2563","#ccacd0"
"PANTONE 2573 CP","2573","#b28cbc"
"PANTONE 2583 CP","2583","#9b60a0"
"PANTONE 2593 CP","2593","#753c89"
"PANTONE 2603 CP","2603","#683381"
"PANTONE 2613 CP","2613","#5f3377"
"PANTONE 2623 CP","2623","#552f69"
"PANTONE 7660 CP","7660","#afa5b9"
"PANTONE 7661 CP","7661","#9a77a2"
"PANTONE 7662 CP","7662","#814489"
"PANTONE 7663 CP","7663","#6a307c"
"PANTONE 7664 CP","7664","#60317a"
"PANTONE 7665 CP","7665","#5f3b73"
"PANTONE 7666 CP","7666","#605064"
"PANTONE 2567 CP","2567","#be9dc7"
"PANTONE 2577 CP","2577","#a786b9"
"PANTONE 2587 CP","2587","#84579a"
"PANTONE 2597 CP","2597","#593684"
"PANTONE 2607 CP","2607","#523683"
"PANTONE 2617 CP","2617","#4c347b"
"PANTONE 2627 CP","2627","#3f2e61"
"PANTONE 263 CP","263","#e7dbeb"
"PANTONE 264 CP","264","#c4aed2"
"PANTONE 265 CP","265","#8f6ba8"
"PANTONE 266 CP","266","#5f418c"
"PANTONE 267 CP","267","#553986"
"PANTONE 268 CP","268","#4f357c"
"PANTONE 269 CP","269","#4c316b"
"PANTONE 2635 CP","2635","#c9bcdb"
"PANTONE 2645 CP","2645","#a699c6"
"PANTONE 2655 CP","2655","#8973ae"
"PANTONE 2665 CP","2665","#68559a"
"PANTONE Violet CP","violet","#443785"
"PANTONE 2685 CP","2685","#41367f"
"PANTONE 2695 CP","2695","#31294e"
"PANTONE 270 CP","270","#bec0df"
"PANTONE 271 CP","271","#9194c5"
"PANTONE 272 CP","272","#7679b4"
"PANTONE 273 CP","273","#253374"
"PANTONE 274 CP","274","#253062"
"PANTONE 275 CP","275","#262b52"
"PANTONE 276 CP","276","#26243a"
"PANTONE 2705 CP","2705","#a5a6d0"
"PANTONE 2715 CP","2715","#8282b9"
"PANTONE 2725 CP","2725","#5a549a"
"PANTONE 2735 CP","2735","#313682"
"PANTONE 2745 CP","2745","#2e3477"
"PANTONE 2755 CP","2755","#2c316d"
"PANTONE 2765 CP","2765","#262b50"
"PANTONE 7667 CP","7667","#6c85aa"
"PANTONE 7668 CP","7668","#6776aa"
"PANTONE 7669 CP","7669","#5b63a4"
"PANTONE 7670 CP","7670","#4f569c"
"PANTONE 7671 CP","7671","#4a4b91"
"PANTONE 7672 CP","7672","#45478d"
"PANTONE 7673 CP","7673","#4d568c"
"PANTONE 7443 CP","7443","#e9e9f3"
"PANTONE 7444 CP","7444","#c2c7e3"
"PANTONE 7445 CP","7445","#aaaad0"
"PANTONE 7446 CP","7446","#9090c2"
"PANTONE 7447 CP","7447","#53417c"
"PANTONE 7448 CP","7448","#46354d"
"PANTONE 7449 CP","7449","#382332"
"PANTONE 7674 CP","7674","#8f98c3"
"PANTONE 7675 CP","7675","#8489b8"
"PANTONE 7676 CP","7676","#7a6ba6"
"PANTONE 7677 CP","7677","#6f5298"
"PANTONE 7678 CP","7678","#624791"
"PANTONE 7679 CP","7679","#493987"
"PANTONE 7680 CP","7680","#47357f"
"PANTONE 663 CP","663","#f4f0f5"
"PANTONE 664 CP","664","#ede9f1"
"PANTONE 665 CP","665","#d7cfe5"
"PANTONE 666 CP","666","#a89ec4"
"PANTONE 667 CP","667","#776a9c"
"PANTONE 668 CP","668","#5a487d"
"PANTONE 669 CP","669","#382e58"
"PANTONE 5315 CP","5315","#e2e5ee"
"PANTONE 5305 CP","5305","#cecfe0"
"PANTONE 5295 CP","5295","#b8bbd2"
"PANTONE 5285 CP","5285","#8d8caf"
"PANTONE 5275 CP","5275","#4a4d7c"
"PANTONE 5265 CP","5265","#363862"
"PANTONE 5255 CP","5255","#29273f"
"PANTONE 538 CP","538","#dce8f1"
"PANTONE 537 CP","537","#ccddeb"
"PANTONE 536 CP","536","#a9bfd8"
"PANTONE 535 CP","535","#94abcb"
"PANTONE 534 CP","534","#1e3e6a"
"PANTONE 533 CP","533","#20334d"
"PANTONE 532 CP","532","#272b36"
"PANTONE 7541 CP","7541","#edf4f4"
"PANTONE 7542 CP","7542","#b9cfd4"
"PANTONE 7543 CP","7543","#abbac2"
"PANTONE 7544 CP","7544","#8699a4"
"PANTONE 7545 CP","7545","#4b606f"
"PANTONE 7546 CP","7546","#324655"
"PANTONE 7547 CP","7547","#1f2934"
"PANTONE 552 CP","552","#c9e2e8"
"PANTONE 551 CP","551","#a8d0dc"
"PANTONE 550 CP","550","#95c4d6"
"PANTONE 549 CP","549","#61a4ba"
"PANTONE 548 CP","548","#00414c"
"PANTONE 547 CP","547","#06373f"
"PANTONE 546 CP","546","#113036"
"PANTONE 5455 CP","5455","#d5e4e8"
"PANTONE 5445 CP","5445","#c6d9e2"
"PANTONE 5435 CP","5435","#acc8d6"
"PANTONE 5425 CP","5425","#7e9fb3"
"PANTONE 5415 CP","5415","#5d8299"
"PANTONE 5405 CP","5405","#436981"
"PANTONE 5395 CP","5395","#1d272d"
"PANTONE 642 CP","642","#e2eff6"
"PANTONE 643 CP","643","#d1e6f2"
"PANTONE 644 CP","644","#97c4de"
"PANTONE 645 CP","645","#6fa7ce"
"PANTONE 646 CP","646","#398ab9"
"PANTONE 647 CP","647","#00598c"
"PANTONE 648 CP","648","#11395d"
"PANTONE 649 CP","649","#e9f1f8"
"PANTONE 650 CP","650","#d5e4f0"
"PANTONE 651 CP","651","#a6c7e3"
"PANTONE 652 CP","652","#6da2cd"
"PANTONE 653 CP","653","#005d96"
"PANTONE 654 CP","654","#093e66"
"PANTONE 655 CP","655","#1b3455"
"PANTONE 656 CP","656","#e9f3fb"
"PANTONE 657 CP","657","#cfe3f4"
"PANTONE 658 CP","658","#abcfeb"
"PANTONE 659 CP","659","#6ea6d5"
"PANTONE 660 CP","660","#0075b7"
"PANTONE 661 CP","661","#004f96"
"PANTONE 662 CP","662","#173e7f"
"PANTONE 7450 CP","7450","#c7d6ec"
"PANTONE 7451 CP","7451","#94b6dd"
"PANTONE 7452 CP","7452","#7f9bcc"
"PANTONE 7453 CP","7453","#80add8"
"PANTONE 7454 CP","7454","#5a9ac1"
"PANTONE 7455 CP","7455","#215fa5"
"PANTONE 7456 CP","7456","#5676b3"
"PANTONE 2706 CP","2706","#d6dff0"
"PANTONE 2716 CP","2716","#a5b2d8"
"PANTONE 2726 CP","2726","#495ca1"
"PANTONE 2736 CP","2736","#2e3c89"
"PANTONE 2746 CP","2746","#263987"
"PANTONE 2756 CP","2756","#24367b"
"PANTONE 2766 CP","2766","#262a4f"
"PANTONE 2708 CP","2708","#bbd2eb"
"PANTONE 2718 CP","2718","#6588c0"
"PANTONE 2728 CP","2728","#265ca3"
"PANTONE 2738 CP","2738","#1e3f8b"
"PANTONE 2748 CP","2748","#213a80"
"PANTONE 2758 CP","2758","#223366"
"PANTONE 2768 CP","2768","#232a44"
"PANTONE 2707 CP","2707","#d3e5f4"
"PANTONE 2717 CP","2717","#b2cce8"
"PANTONE 2727 CP","2727","#5682bd"
"PANTONE Blue 072 CP","blue-072","#223c87"
"PANTONE 2747 CP","2747","#21397d"
"PANTONE 2757 CP","2757","#223263"
"PANTONE 2767 CP","2767","#23283f"
"PANTONE 277 CP","277","#b0d4ee"
"PANTONE 278 CP","278","#95c4e6"
"PANTONE 279 CP","279","#5396cc"
"PANTONE Reflex Blue CP","reflex-blue","#19428e"
"PANTONE 280 CP","280","#163f7a"
"PANTONE 281 CP","281","#193a6d"
"PANTONE 282 CP","282","#222b47"
"PANTONE 283 CP","283","#9dceec"
"PANTONE 284 CP","284","#68b4df"
"PANTONE 285 CP","285","#0077b9"
"PANTONE 286 CP","286","#00519b"
"PANTONE 287 CP","287","#004988"
"PANTONE 288 CP","288","#0f3f74"
"PANTONE 289 CP","289","#1c304a"
"PANTONE 7681 CP","7681","#9fb9db"
"PANTONE 7682 CP","7682","#6695c8"
"PANTONE 7683 CP","7683","#2d71b2"
"PANTONE 7684 CP","7684","#1b62a7"
"PANTONE 7685 CP","7685","#0059a1"
"PANTONE 7686 CP","7686","#004f93"
"PANTONE 7687 CP","7687","#004687"
"PANTONE 545 CP","545","#cfe8f6"
"PANTONE 544 CP","544","#c1e0f1"
"PANTONE 543 CP","543","#a9d0eb"
"PANTONE 542 CP","542","#63acd6"
"PANTONE 541 CP","541","#004870"
"PANTONE 540 CP","540","#053b56"
"PANTONE 539 CP","539","#192e3e"
"PANTONE 290 CP","290","#cdebf7"
"PANTONE 291 CP","291","#a7d8f2"
"PANTONE 292 CP","292","#65bbe5"
"PANTONE 293 CP","293","#00569d"
"PANTONE 294 CP","294","#00487c"
"PANTONE 295 CP","295","#0c3c61"
"PANTONE 296 CP","296","#1e2833"
"PANTONE 2905 CP","2905","#90d4f0"
"PANTONE 2915 CP","2915","#5ebde6"
"PANTONE 2925 CP","2925","#0099d4"
"PANTONE 2935 CP","2935","#006cb3"
"PANTONE 2945 CP","2945","#00609d"
"PANTONE 2955 CP","2955","#004266"
"PANTONE 2965 CP","2965","#183043"
"PANTONE 297 CP","297","#79d0ef"
"PANTONE 298 CP","298","#2dbeea"
"PANTONE 299 CP","299","#00a6df"
"PANTONE 300 CP","300","#0070b5"
"PANTONE 301 CP","301","#005f98"
"PANTONE 302 CP","302","#004664"
"PANTONE 303 CP","303","#0f3240"
"PANTONE 7688 CP","7688","#3ea8d5"
"PANTONE 7689 CP","7689","#049aca"
"PANTONE 7690 CP","7690","#007bb2"
"PANTONE 7691 CP","7691","#005f95"
"PANTONE 7692 CP","7692","#005280"
"PANTONE 7693 CP","7693","#004870"
"PANTONE 7694 CP","7694","#00456a"
"PANTONE 2975 CP","2975","#b2e1ee"
"PANTONE 2985 CP","2985","#59c7e9"
"PANTONE 2995 CP","2995","#00afe5"
"PANTONE 3005 CP","3005","#0083c7"
"PANTONE 3015 CP","3015","#006ea5"
"PANTONE 3025 CP","3025","#005372"
"PANTONE 3035 CP","3035","#003e4e"
"PANTONE 7695 CP","7695","#93c1d4"
"PANTONE 7696 CP","7696","#61a3ba"
"PANTONE 7697 CP","7697","#358fad"
"PANTONE 7698 CP","7698","#33728b"
"PANTONE 7699 CP","7699","#1e6581"
"PANTONE 7700 CP","7700","#005e7e"
"PANTONE 7701 CP","7701","#005f80"
"PANTONE 7457 CP","7457","#d9eff2"
"PANTONE 7458 CP","7458","#73bdd4"
"PANTONE 7459 CP","7459","#16a0c2"
"PANTONE 7460 CP","7460","#0091ca"
"PANTONE 7461 CP","7461","#0089c8"
"PANTONE 7462 CP","7462","#005b8c"
"PANTONE 7463 CP","7463","#103752"
"PANTONE 304 CP","304","#b2e0ed"
"PANTONE 305 CP","305","#73cde7"
"PANTONE 306 CP","306","#00b8e1"
"PANTONE Process Blue CP","process-blue","#0093d2"
"PANTONE 307 CP","307","#007cb3"
"PANTONE 308 CP","308","#005f81"
"PANTONE 309 CP","309","#003b47"
"PANTONE 635 CP","635","#bce4ec"
"PANTONE 636 CP","636","#a6dce9"
"PANTONE 637 CP","637","#52c4e1"
"PANTONE 638 CP","638","#00acd7"
"PANTONE 639 CP","639","#009bd1"
"PANTONE 640 CP","640","#0087bd"
"PANTONE 641 CP","641","#007ab4"
"PANTONE 7702 CP","7702","#2cb3d3"
"PANTONE 7703 CP","7703","#00a4c6"
"PANTONE 7704 CP","7704","#0088b1"
"PANTONE 7705 CP","7705","#006b93"
"PANTONE 7706 CP","7706","#006688"
"PANTONE 7707 CP","7707","#005c7a"
"PANTONE 7708 CP","7708","#005570"
"PANTONE 628 CP","628","#d5edee"
"PANTONE 629 CP","629","#aedee7"
"PANTONE 630 CP","630","#8bd3e2"
"PANTONE 631 CP","631","#00b7d5"
"PANTONE 632 CP","632","#009cc1"
"PANTONE 633 CP","633","#007da4"
"PANTONE 634 CP","634","#006b8e"
"PANTONE 310 CP","310","#8bd3e4"
"PANTONE 311 CP","311","#2fbed7"
"PANTONE 312 CP","312","#00aad4"
"PANTONE 313 CP","313","#009dcd"
"PANTONE 314 CP","314","#0089b0"
"PANTONE 315 CP","315","#006880"
"PANTONE 316 CP","316","#00464e"
"PANTONE 3105 CP","3105","#98d6e1"
"PANTONE 3115 CP","3115","#63c7d8"
"PANTONE 3125 CP","3125","#00adca"
"PANTONE 3135 CP","3135","#009ec2"
"PANTONE 3145 CP","3145","#008196"
"PANTONE 3155 CP","3155","#006675"
"PANTONE 3165 CP","3165","#004e58"
"PANTONE 7709 CP","7709","#53bbc8"
"PANTONE 7710 CP","7710","#00afc2"
"PANTONE 7711 CP","7711","#009bb1"
"PANTONE 7712 CP","7712","#00889d"
"PANTONE 7713 CP","7713","#008292"
"PANTONE 7714 CP","7714","#006f7a"
"PANTONE 7715 CP","7715","#006166"
"PANTONE 317 CP","317","#ceeae8"
"PANTONE 318 CP","318","#a4d9dd"
"PANTONE 319 CP","319","#66c5cb"
"PANTONE 320 CP","320","#009eaf"
"PANTONE 321 CP","321","#00909b"
"PANTONE 322 CP","322","#00747a"
"PANTONE 323 CP","323","#00595c"
"PANTONE 7464 CP","7464","#b2ded8"
"PANTONE 7465 CP","7465","#6ec4b2"
"PANTONE 7466 CP","7466","#00a9b2"
"PANTONE 7467 CP","7467","#00a0b2"
"PANTONE 7468 CP","7468","#007aa2"
"PANTONE 7469 CP","7469","#005e86"
"PANTONE 7470 CP","7470","#005b6e"
"PANTONE 7471 CP","7471","#addcd9"
"PANTONE 7472 CP","7472","#7ac9c3"
"PANTONE 7473 CP","7473","#1ca993"
"PANTONE 7474 CP","7474","#007b88"
"PANTONE 7475 CP","7475","#378185"
"PANTONE 7476 CP","7476","#005057"
"PANTONE 7477 CP","7477","#0f4b5a"
"PANTONE 5523 CP","5523","#cee6e6"
"PANTONE 5513 CP","5513","#b9dbde"
"PANTONE 5503 CP","5503","#9bc9cd"
"PANTONE 5493 CP","5493","#80b6bd"
"PANTONE 5483 CP","5483","#469099"
"PANTONE 5473 CP","5473","#00616b"
"PANTONE 5463 CP","5463","#152d31"
"PANTONE 7716 CP","7716","#009e99"
"PANTONE 7717 CP","7717","#008a83"
"PANTONE 7718 CP","7718","#00726d"
"PANTONE 7719 CP","7719","#006861"
"PANTONE 7720 CP","7720","#00605a"
"PANTONE 7721 CP","7721","#005a56"
"PANTONE 7722 CP","7722","#00504c"
"PANTONE 324 CP","324","#b2dedf"
"PANTONE 325 CP","325","#7dcbca"
"PANTONE 326 CP","326","#00ada7"
"PANTONE 327 CP","327","#008973"
"PANTONE 328 CP","328","#006c5c"
"PANTONE 329 CP","329","#005f53"
"PANTONE 330 CP","330","#024f45"
"PANTONE 3242 CP","3242","#9ad5d2"
"PANTONE 3252 CP","3252","#8bcfcb"
"PANTONE 3262 CP","3262","#00b2aa"
"PANTONE 3272 CP","3272","#00a095"
"PANTONE 3282 CP","3282","#008e7e"
"PANTONE 3292 CP","3292","#005e4d"
"PANTONE 3302 CP","3302","#094b3e"
"PANTONE 3245 CP","3245","#a0d6cc"
"PANTONE 3255 CP","3255","#8fd0c8"
"PANTONE 3265 CP","3265","#4dbcab"
"PANTONE 3275 CP","3275","#00a38e"
"PANTONE 3285 CP","3285","#009a81"
"PANTONE 3295 CP","3295","#007b62"
"PANTONE 3305 CP","3305","#054a3b"
"PANTONE 3248 CP","3248","#8ed1ce"
"PANTONE 3258 CP","3258","#69c4bc"
"PANTONE 3268 CP","3268","#00a68d"
"PANTONE 3278 CP","3278","#009870"
"PANTONE 3288 CP","3288","#008a69"
"PANTONE 3298 CP","3298","#006e52"
"PANTONE 3308 CP","3308","#0a4335"
"PANTONE 566 CP","566","#ddefe6"
"PANTONE 565 CP","565","#bee2d9"
"PANTONE 564 CP","564","#9dd5cd"
"PANTONE 563 CP","563","#79c6bd"
"PANTONE 562 CP","562","#007668"
"PANTONE 561 CP","561","#115d50"
"PANTONE 560 CP","560","#233e34"
"PANTONE 573 CP","573","#d6ece2"
"PANTONE 572 CP","572","#c6e5da"
"PANTONE 571 CP","571","#a6d8ca"
"PANTONE 570 CP","570","#72c5b2"
"PANTONE 569 CP","569","#008b71"
"PANTONE 568 CP","568","#006a56"
"PANTONE 567 CP","567","#194337"
"PANTONE 559 CP","559","#bedac9"
"PANTONE 558 CP","558","#acd1bf"
"PANTONE 557 CP","557","#92bea5"
"PANTONE 556 CP","556","#75aa8b"
"PANTONE 555 CP","555","#226343"
"PANTONE 554 CP","554","#1b563c"
"PANTONE 553 CP","553","#214237"
"PANTONE 5595 CP","5595","#d0e0d6"
"PANTONE 5585 CP","5585","#c3d7cc"
"PANTONE 5575 CP","5575","#9fbbaf"
"PANTONE 5565 CP","5565","#83a194"
"PANTONE 5555 CP","5555","#678a7c"
"PANTONE 5545 CP","5545","#486d63"
"PANTONE 5535 CP","5535","#233931"
"PANTONE 5665 CP","5665","#d7e2d6"
"PANTONE 5655 CP","5655","#c8d6c8"
"PANTONE 5645 CP","5645","#b7c9bb"
"PANTONE 5635 CP","5635","#9cb09e"
"PANTONE 5625 CP","5625","#728774"
"PANTONE 5615 CP","5615","#566d58"
"PANTONE 5605 CP","5605","#203226"
"PANTONE 5527 CP","5527","#d9e3df"
"PANTONE 5517 CP","5517","#c6d6d1"
"PANTONE 5507 CP","5507","#acc2bd"
"PANTONE 5497 CP","5497","#849e9b"
"PANTONE 5487 CP","5487","#5a756f"
"PANTONE 5477 CP","5477","#375450"
"PANTONE 5467 CP","5467","#1c2f2b"
"PANTONE 621 CP","621","#e4eee3"
"PANTONE 622 CP","622","#c3dcd0"
"PANTONE 623 CP","623","#a2c6b9"
"PANTONE 624 CP","624","#7ea99b"
"PANTONE 625 CP","625","#4f8678"
"PANTONE 626 CP","626","#1d6052"
"PANTONE 627 CP","627","#16362e"
"PANTONE 331 CP","331","#c5e5df"
"PANTONE 332 CP","332","#b7dfd8"
"PANTONE 333 CP","333","#8ccec3"
"PANTONE Green CP","green","#009e7a"
"PANTONE 334 CP","334","#00986e"
"PANTONE 335 CP","335","#008362"
"PANTONE 336 CP","336","#00684e"
"PANTONE 337 CP","337","#a9d9d0"
"PANTONE 338 CP","338","#8acdbd"
"PANTONE 339 CP","339","#00a783"
"PANTONE 340 CP","340","#009658"
"PANTONE 341 CP","341","#007e4f"
"PANTONE 342 CP","342","#006a4a"
"PANTONE 343 CP","343","#015640"
"PANTONE 7723 CP","7723","#42ad87"
"PANTONE 7724 CP","7724","#009b6d"
"PANTONE 7725 CP","7725","#00894f"
"PANTONE 7726 CP","7726","#007841"
"PANTONE 7727 CP","7727","#006739"
"PANTONE 7728 CP","7728","#006244"
"PANTONE 7729 CP","7729","#00563d"
"PANTONE 3375 CP","3375","#b0dbcd"
"PANTONE 3385 CP","3385","#9ed4c4"
"PANTONE 3395 CP","3395","#51ba9a"
"PANTONE 3405 CP","3405","#00a272"
"PANTONE 3415 CP","3415","#007f4c"
"PANTONE 3425 CP","3425","#006640"
"PANTONE 3435 CP","3435","#064a33"
"PANTONE 344 CP","344","#bbdec2"
"PANTONE 345 CP","345","#a0d2ab"
"PANTONE 346 CP","346","#84c696"
"PANTONE 347 CP","347","#00993e"
"PANTONE 348 CP","348","#00893c"
"PANTONE 349 CP","349","#006c38"
"PANTONE 350 CP","350","#245339"
"PANTONE 351 CP","351","#c7e4d1"
"PANTONE 352 CP","352","#afd9c0"
"PANTONE 353 CP","353","#a5d4b6"
"PANTONE 354 CP","354","#00a448"
"PANTONE 355 CP","355","#009b3d"
"PANTONE 356 CP","356","#007f37"
"PANTONE 357 CP","357","#005331"
"PANTONE 7478 CP","7478","#c5e3cd"
"PANTONE 7479 CP","7479","#7cc287"
"PANTONE 7480 CP","7480","#2cad6d"
"PANTONE 7481 CP","7481","#00a553"
"PANTONE 7482 CP","7482","#009d48"
"PANTONE 7483 CP","7483","#1e5d39"
"PANTONE 7484 CP","7484","#00573d"
"PANTONE 7730 CP","7730","#4a9e61"
"PANTONE 7731 CP","7731","#1b8f45"
"PANTONE 7732 CP","7732","#007e3a"
"PANTONE 7733 CP","7733","#00703c"
"PANTONE 7734 CP","7734","#225d38"
"PANTONE 7735 CP","7735","#38563a"
"PANTONE 7736 CP","7736","#37523e"
"PANTONE 7737 CP","7737","#71ae32"
"PANTONE 7738 CP","7738","#3ea83a"
"PANTONE 7739 CP","7739","#24a141"
"PANTONE 7740 CP","7740","#35993d"
"PANTONE 7741 CP","7741","#328d34"
"PANTONE 7742 CP","7742","#3b742e"
"PANTONE 7743 CP","7743","#396d2d"
"PANTONE 358 CP","358","#b8daab"
"PANTONE 359 CP","359","#abd39a"
"PANTONE 360 CP","360","#6ab653"
"PANTONE 361 CP","361","#2fa737"
"PANTONE 362 CP","362","#27a438"
"PANTONE 363 CP","363","#329134"
"PANTONE 364 CP","364","#3a752e"
"PANTONE 7485 CP","7485","#eff4de"
"PANTONE 7486 CP","7486","#c8dfa5"
"PANTONE 7487 CP","7487","#a8cf7f"
"PANTONE 7488 CP","7488","#8fc154"
"PANTONE 7489 CP","7489","#7db65b"
"PANTONE 7490 CP","7490","#719d3b"
"PANTONE 7491 CP","7491","#728534"
"PANTONE 365 CP","365","#d1e3a8"
"PANTONE 366 CP","366","#c2db98"
"PANTONE 367 CP","367","#abce72"
"PANTONE 368 CP","368","#66b231"
"PANTONE 369 CP","369","#5bb033"
"PANTONE 370 CP","370","#5e952d"
"PANTONE 371 CP","371","#556729"
"PANTONE 372 CP","372","#e2eaaf"
"PANTONE 373 CP","373","#d8e4a0"
"PANTONE 374 CP","374","#c6d97b"
"PANTONE 375 CP","375","#a2c640"
"PANTONE 376 CP","376","#8bbd29"
"PANTONE 377 CP","377","#82a527"
"PANTONE 378 CP","378","#556328"
"PANTONE 580 CP","580","#d9e8b9"
"PANTONE 579 CP","579","#d1e3aa"
"PANTONE 578 CP","578","#cbdfa0"
"PANTONE 577 CP","577","#b9d388"
"PANTONE 576 CP","576","#739936"
"PANTONE 575 CP","575","#5d7a30"
"PANTONE 574 CP","574","#425028"
"PANTONE 5807 CP","5807","#e5e8ca"
"PANTONE 5797 CP","5797","#d4d7ac"
"PANTONE 5787 CP","5787","#cdd2a2"
"PANTONE 5777 CP","5777","#afb478"
"PANTONE 5767 CP","5767","#91954b"
"PANTONE 5757 CP","5757","#717530"
"PANTONE 5747 CP","5747","#444a26"
"PANTONE 5875 CP","5875","#e6e4bd"
"PANTONE 5865 CP","5865","#dddbab"
"PANTONE 5855 CP","5855","#d0cd97"
"PANTONE 5845 CP","5845","#b8b26e"
"PANTONE 5835 CP","5835","#a9a156"
"PANTONE 5825 CP","5825","#8b8336"
"PANTONE 5815 CP","5815","#524d24"
"PANTONE 5803 CP","5803","#d9dfc5"
"PANTONE 5793 CP","5793","#c7cdab"
"PANTONE 5783 CP","5783","#b3bb95"
"PANTONE 5773 CP","5773","#979e73"
"PANTONE 5763 CP","5763","#737b49"
"PANTONE 5753 CP","5753","#626b3a"
"PANTONE 5743 CP","5743","#434e2e"
"PANTONE 7492 CP","7492","#dce19f"
"PANTONE 7493 CP","7493","#c9d7a3"
"PANTONE 7494 CP","7494","#a4bd99"
"PANTONE 7495 CP","7495","#889a28"
"PANTONE 7496 CP","7496","#718526"
"PANTONE 7497 CP","7497","#78715b"
"PANTONE 7498 CP","7498","#515731"
"PANTONE 7744 CP","7744","#d2cd04"
"PANTONE 7745 CP","7745","#b6b22d"
"PANTONE 7746 CP","7746","#a1a034"
"PANTONE 7747 CP","7747","#8f9036"
"PANTONE 7748 CP","7748","#8a8b36"
"PANTONE 7749 CP","7749","#7f7c27"
"PANTONE 7750 CP","7750","#75712a"
"PANTONE 379 CP","379","#ebe981"
"PANTONE 380 CP","380","#e3e049"
"PANTONE 381 CP","381","#d5d706"
"PANTONE 382 CP","382","#cfd500"
"PANTONE 383 CP","383","#b1b714"
"PANTONE 384 CP","384","#9b9c1f"
"PANTONE 385 CP","385","#7c762a"
"PANTONE 386 CP","386","#f4eb74"
"PANTONE 387 CP","387","#efe64d"
"PANTONE 388 CP","388","#eae34e"
"PANTONE 389 CP","389","#dddd41"
"PANTONE 390 CP","390","#ccd000"
"PANTONE 391 CP","391","#a2a01a"
"PANTONE 392 CP","392","#888321"
"PANTONE 587 CP","587","#f2ee9c"
"PANTONE 586 CP","586","#f1ec86"
"PANTONE 585 CP","585","#eae670"
"PANTONE 584 CP","584","#dddc34"
"PANTONE 583 CP","583","#c3c506"
"PANTONE 582 CP","582","#95921e"
"PANTONE 581 CP","581","#615c24"
"PANTONE 393 CP","393","#f9f090"
"PANTONE 394 CP","394","#fbed62"
"PANTONE 395 CP","395","#f6e726"
"PANTONE 396 CP","396","#f4e500"
"PANTONE 397 CP","397","#d1c500"
"PANTONE 398 CP","398","#bfb208"
"PANTONE 399 CP","399","#a69b19"
"PANTONE 3935 CP","3935","#fff283"
"PANTONE 3945 CP","3945","#ffec1f"
"PANTONE 3955 CP","3955","#ffe900"
"PANTONE 3965 CP","3965","#fae700"
"PANTONE 3975 CP","3975","#c6b301"
"PANTONE 3985 CP","3985","#9e8d1c"
"PANTONE 3995 CP","3995","#685d24"
"PANTONE 600 CP","600","#fff7b6"
"PANTONE 601 CP","601","#fcf3a3"
"PANTONE 602 CP","602","#fbf190"
"PANTONE 603 CP","603","#fceb44"
"PANTONE 604 CP","604","#fee900"
"PANTONE 605 CP","605","#f4da00"
"PANTONE 606 CP","606","#e4c800"
"PANTONE 607 CP","607","#fcf6bf"
"PANTONE 608 CP","608","#faf3a8"
"PANTONE 609 CP","609","#f7ee8f"
"PANTONE 610 CP","610","#f3e65c"
"PANTONE 611 CP","611","#e6d52c"
"PANTONE 612 CP","612","#d2be00"
"PANTONE 613 CP","613","#c0a90b"
"PANTONE 461 CP","461","#fcf0a5"
"PANTONE 460 CP","460","#faeb8d"
"PANTONE 459 CP","459","#f3e476"
"PANTONE 458 CP","458","#eedb5d"
"PANTONE 457 CP","457","#b39319"
"PANTONE 456 CP","456","#9e841e"
"PANTONE 455 CP","455","#61512b"
"PANTONE 614 CP","614","#f4f0c0"
"PANTONE 615 CP","615","#ede7ab"
"PANTONE 616 CP","616","#e4dc96"
"PANTONE 617 CP","617","#d7cc6f"
"PANTONE 618 CP","618","#b8aa3c"
"PANTONE 619 CP","619","#a1922c"
"PANTONE 620 CP","620","#8f8125"
"PANTONE 7751 CP","7751","#dfc853"
"PANTONE 7752 CP","7752","#e3c231"
"PANTONE 7753 CP","7753","#cba822"
"PANTONE 7754 CP","7754","#9e8734"
"PANTONE 7755 CP","7755","#857539"
"PANTONE 7756 CP","7756","#746737"
"PANTONE 7757 CP","7757","#665f40"
"PANTONE 7758 CP","7758","#e8d300"
"PANTONE 7759 CP","7759","#d4c100"
"PANTONE 7760 CP","7760","#908125"
"PANTONE 7761 CP","7761","#7e7734"
"PANTONE 7762 CP","7762","#626639"
"PANTONE 7763 CP","7763","#545832"
"PANTONE 7764 CP","7764","#515431"
"PANTONE 7765 CP","7765","#cec100"
"PANTONE 7766 CP","7766","#c0b307"
"PANTONE 7767 CP","7767","#ac9b18"
"PANTONE 7768 CP","7768","#96853c"
"PANTONE 7769 CP","7769","#766731"
"PANTONE 7770 CP","7770","#5e5236"
"PANTONE 7771 CP","7771","#4e472b"
"PANTONE 4545 CP","4545","#efe6bf"
"PANTONE 4535 CP","4535","#ded3aa"
"PANTONE 4525 CP","4525","#cebf8b"
"PANTONE 4515 CP","4515","#b6a264"
"PANTONE 4505 CP","4505","#99803a"
"PANTONE 4495 CP","4495","#7f672e"
"PANTONE 4485 CP","4485","#594929"
"PANTONE 454 CP","454","#dddcbb"
"PANTONE 453 CP","453","#d1cca7"
"PANTONE 452 CP","452","#b6b287"
"PANTONE 451 CP","451","#a49f6f"
"PANTONE 450 CP","450","#544a2b"
"PANTONE 449 CP","449","#524831"
"PANTONE 448 CP","448","#473f2b"
"PANTONE 7499 CP","7499","#fff7d2"
"PANTONE 7500 CP","7500","#f7ecca"
"PANTONE 7501 CP","7501","#f0e1be"
"PANTONE 7502 CP","7502","#e5d0a4"
"PANTONE 7503 CP","7503","#b8a979"
"PANTONE 7504 CP","7504","#9c7f63"
"PANTONE 7505 CP","7505","#89674b"
"PANTONE 468 CP","468","#edd8a5"
"PANTONE 467 CP","467","#e1cb9c"
"PANTONE 466 CP","466","#d3b47f"
"PANTONE 465 CP","465","#c19c5d"
"PANTONE 464 CP","464","#87592a"
"PANTONE 463 CP","463","#754f28"
"PANTONE 462 CP","462","#594733"
"PANTONE 7506 CP","7506","#feedcb"
"PANTONE 7507 CP","7507","#ffe3b6"
"PANTONE 7508 CP","7508","#f3d098"
"PANTONE 7509 CP","7509","#edbb7c"
"PANTONE 7510 CP","7510","#dc9a4d"
"PANTONE 7511 CP","7511","#c07722"
"PANTONE 7512 CP","7512","#b16724"
"PANTONE 719 CP","719","#fce1c4"
"PANTONE 720 CP","720","#f7caa5"
"PANTONE 721 CP","721","#f1b482"
"PANTONE 722 CP","722","#da8a4b"
"PANTONE 723 CP","723","#c46d28"
"PANTONE 724 CP","724","#9a4e26"
"PANTONE 725 CP","725","#824126"
"PANTONE 475 CP","475","#fcd5b8"
"PANTONE 474 CP","474","#fbcdab"
"PANTONE 473 CP","473","#f9bf9a"
"PANTONE 472 CP","472","#f1a069"
"PANTONE 471 CP","471","#bc5927"
"PANTONE 470 CP","470","#a15128"
"PANTONE 469 CP","469","#5a3424"
"PANTONE 726 CP","726","#f5dbc1"
"PANTONE 727 CP","727","#edccae"
"PANTONE 728 CP","728","#deaf8a"
"PANTONE 729 CP","729","#ca8c5b"
"PANTONE 730 CP","730","#a76939"
"PANTONE 731 CP","731","#774425"
"PANTONE 732 CP","732","#633c24"
"PANTONE 4685 CP","4685","#f0d8c3"
"PANTONE 4675 CP","4675","#e8ccb5"
"PANTONE 4665 CP","4665","#dab096"
"PANTONE 4655 CP","4655","#c69172"
"PANTONE 4645 CP","4645","#af7b55"
"PANTONE 4635 CP","4635","#985d38"
"PANTONE 4625 CP","4625","#4c322a"
"PANTONE 7513 CP","7513","#f8ccba"
"PANTONE 7514 CP","7514","#e9b39d"
"PANTONE 7515 CP","7515","#da9a7c"
"PANTONE 7516 CP","7516","#a04e2e"
"PANTONE 7517 CP","7517","#894127"
"PANTONE 7518 CP","7518","#724f49"
"PANTONE 7519 CP","7519","#635249"
"PANTONE 4755 CP","4755","#e6d0c2"
"PANTONE 4745 CP","4745","#d8bdb1"
"PANTONE 4735 CP","4735","#d0afa3"
"PANTONE 4725 CP","4725","#ab8272"
"PANTONE 4715 CP","4715","#8d5a4a"
"PANTONE 4705 CP","4705","#714236"
"PANTONE 4695 CP","4695","#553024"
"PANTONE 482 CP","482","#e8d1c2"
"PANTONE 481 CP","481","#dfc1af"
"PANTONE 480 CP","480","#d4b09e"
"PANTONE 479 CP","479","#b27d66"
"PANTONE 478 CP","478","#703a2d"
"PANTONE 477 CP","477","#61382d"
"PANTONE 476 CP","476","#4a322a"
"PANTONE 7527 CP","7527","#ebe6d7"
"PANTONE 7528 CP","7528","#d7cdc1"
"PANTONE 7529 CP","7529","#c8bcb0"
"PANTONE 7530 CP","7530","#b1a498"
"PANTONE 7531 CP","7531","#847466"
"PANTONE 7532 CP","7532","#695a4f"
"PANTONE 7533 CP","7533","#43382d"
"PANTONE 7534 CP","7534","#e7e3d4"
"PANTONE 7535 CP","7535","#cac3b2"
"PANTONE 7536 CP","7536","#b1a994"
"PANTONE 7537 CP","7537","#b4bab0"
"PANTONE 7538 CP","7538","#9ba49a"
"PANTONE 7539 CP","7539","#939a98"
"PANTONE 7540 CP","7540","#505459"
"PANTONE 427 CP","427","#e3e6e6"
"PANTONE 428 CP","428","#d2d8db"
"PANTONE 429 CP","429","#aeb7bd"
"PANTONE 430 CP","430","#828d96"
"PANTONE 431 CP","431","#59656f"
"PANTONE 432 CP","432","#333c45"
"PANTONE 433 CP","433","#22282d"
"PANTONE 420 CP","420","#dcddd9"
"PANTONE 421 CP","421","#b8bcba"
"PANTONE 422 CP","422","#a1a5a6"
"PANTONE 423 CP","423","#8b8e8d"
"PANTONE 424 CP","424","#6c7173"
"PANTONE 425 CP","425","#424a4d"
"PANTONE 426 CP","426","#212526"
"PANTONE 441 CP","441","#c5d8d2"
"PANTONE 442 CP","442","#adbdb7"
"PANTONE 443 CP","443","#90a2a3"
"PANTONE 444 CP","444","#63797a"
"PANTONE 445 CP","445","#404f4f"
"PANTONE 446 CP","446","#37413f"
"PANTONE 447 CP","447","#313633"
"PANTONE 413 CP","413","#d4d6ce"
"PANTONE 414 CP","414","#b9bbb2"
"PANTONE 415 CP","415","#969992"
"PANTONE 416 CP","416","#7a7d76"
"PANTONE 417 CP","417","#62655d"
"PANTONE 418 CP","418","#51534c"
"PANTONE 419 CP","419","#222623"
"PANTONE 400 CP","400","#d6d2c9"
"PANTONE 401 CP","401","#bbb7af"
"PANTONE 402 CP","402","#a69f98"
"PANTONE 403 CP","403","#8c857d"
"PANTONE 404 CP","404","#766e67"
"PANTONE 405 CP","405","#5b544f"
"PANTONE Black CP","black","#2a2926"
"PANTONE 406 CP","406","#d7d1cc"
"PANTONE 407 CP","407","#bab2b0"
"PANTONE 408 CP","408","#a09693"
"PANTONE 409 CP","409","#867c7b"
"PANTONE 410 CP","410","#726564"
"PANTONE 411 CP","411","#534847"
"PANTONE 412 CP","412","#332d2d"
"PANTONE 434 CP","434","#ddd4d4"
"PANTONE 435 CP","435","#cabfc4"
"PANTONE 436 CP","436","#b4a4ad"
"PANTONE 437 CP","437","#78646d"
"PANTONE 438 CP","438","#493b3a"
"PANTONE 439 CP","439","#3a3232"
"PANTONE 440 CP","440","#302d2b"
"PANTONE Warm Gray 1 CP","warm-gray-1","#eceae7"
"PANTONE Warm Gray 2 CP","warm-gray-2","#dfdbd6"
"PANTONE Warm Gray 3 CP","warm-gray-3","#c9c3bf"
"PANTONE Warm Gray 4 CP","warm-gray-4","#b9b4b0"
"PANTONE Warm Gray 5 CP","warm-gray-5","#b0aba6"
"PANTONE Warm Gray 6 CP","warm-gray-6","#9f9792"
"PANTONE Warm Gray 7 CP","warm-gray-7","#948985"
"PANTONE Warm Gray 8 CP","warm-gray-8","#8a807b"
"PANTONE Warm Gray 9 CP","warm-gray-9","#7f716b"
"PANTONE Warm Gray 10 CP","warm-gray-10","#70635d"
"PANTONE Warm Gray 11 CP","warm-gray-11","#625650"
"PANTONE Cool Gray 1 CP","cool-gray-1","#e9eae9"
"PANTONE Cool Gray 2 CP","cool-gray-2","#e1e2e1"
"PANTONE Cool Gray 3 CP","cool-gray-3","#d3d4d3"
"PANTONE Cool Gray 4 CP","cool-gray-4","#bec1c2"
"PANTONE Cool Gray 5 CP","cool-gray-5","#b6b8b9"
"PANTONE Cool Gray 6 CP","cool-gray-6","#b1b4b6"
"PANTONE Cool Gray 7 CP","cool-gray-7","#95989c"
"PANTONE Cool Gray 8 CP","cool-gray-8","#878b8f"
"PANTONE Cool Gray 9 CP","cool-gray-9","#6e7175"
"PANTONE Cool Gray 10 CP","cool-gray-10","#575960"
"PANTONE Cool Gray 11 CP","cool-gray-11","#45474c"
"PANTONE Black 2 CP","black-2","#373426"
"PANTONE Black 3 CP","black-3","#262c26"
"PANTONE Black 4 CP","black-4","#383027"
"PANTONE Black 5 CP","black-5","#3f2e32"
"PANTONE Black 6 CP","black-6","#1f2428"
"PANTONE Black 7 CP","black-7","#343331"