"PANTONE Process Yellow UP","process-yellow","#ffed00"
"PANTONE Process Magenta UP","process-magenta","#e3007d"
"PANTONE Process Cyan UP","process-cyan","#00a0e1"
"PANTONE Process Black UP","process-black","#2d2c2b"
"PANTONE 100 UP","100","#fff69d"
"PANTONE 101 UP","101","#fff37b"
"PANTONE 102 UP","102","#fff044"
"PANTONE Yellow UP","yellow","#ffee00"
"PANTONE 103 UP","103","#dec400"
"PANTONE 104 UP","104","#c3ae20"
"PANTONE 105 UP","105","#a0932d"
"PANTONE 7401 UP","7401","#fff0c0"
"PANTONE 7402 UP","7402","#fde9a8"
"PANTONE 7403 UP","7403","#fbdd8d"
"PANTONE 7404 UP","7404","#ffdc00"
"PANTONE 7405 UP","7405","#f5c700"
"PANTONE 7406 UP","7406","#f9cd1d"
"PANTONE 7407 UP","7407","#e1b257"
"PANTONE 106 UP","106","#fff06a"
"PANTONE 107 UP","107","#ffed4c"
"PANTONE 108 UP","108","#ffe700"
"PANTONE 109 UP","109","#ffdc00"
"PANTONE 110 UP","110","#edc400"
"PANTONE 111 UP","111","#c7af22"
"PANTONE 112 UP","112","#ae9a27"
"PANTONE 113 UP","113","#ffeb59"
"PANTONE 114 UP","114","#ffe20a"
"PANTONE 115 UP","115","#ffdc03"
"PANTONE 116 UP","116","#ffce00"
"PANTONE 117 UP","117","#dab300"
"PANTONE 118 UP","118","#c4a70c"
"PANTONE 119 UP","119","#a0902c"
"PANTONE 127 UP","127","#ffec89"
"PANTONE 128 UP","128","#ffe066"
"PANTONE 129 UP","129","#fec53a"
"PANTONE 130 UP","130","#fcba30"
"PANTONE 131 UP","131","#e4a31f"
"PANTONE 132 UP","132","#c59c21"
"PANTONE 133 UP","133","#9d8a2f"
"PANTONE 1205 UP","1205","#fff1ad"
"PANTONE 1215 UP","1215","#ffe685"
"PANTONE 1225 UP","1225","#ffcd45"
"PANTONE 1235 UP","1235","#fec330"
"PANTONE 1245 UP","1245","#d7aa1c"
"PANTONE 1255 UP","1255","#c1a02b"
"PANTONE 1265 UP","1265","#ad902c"
"PANTONE 120 UP","120","#ffe672"
"PANTONE 121 UP","121","#ffd855"
"PANTONE 122 UP","122","#ffca1f"
"PANTONE 123 UP","123","#fdbe02"
"PANTONE 124 UP","124","#eaaf12"
"PANTONE 125 UP","125","#c79b15"
"PANTONE 126 UP","126","#b29427"
"PANTONE 7548 UP","7548","#ffd900"
"PANTONE 7549 UP","7549","#ffc800"
"PANTONE 7550 UP","7550","#e8ac04"
"PANTONE 7551 UP","7551","#d0a51a"
"PANTONE 7552 UP","7552","#9c832b"
"PANTONE 7553 UP","7553","#847033"
"PANTONE 7554 UP","7554","#685c36"
"PANTONE 7555 UP","7555","#edbf49"
"PANTONE 7556 UP","7556","#d5b771"
"PANTONE 7557 UP","7557","#c5a355"
"PANTONE 7558 UP","7558","#b08a42"
"PANTONE 7559 UP","7559","#aa8236"
"PANTONE 7560 UP","7560","#997c3e"
"PANTONE 7561 UP","7561","#836e3f"
"PANTONE 134 UP","134","#ffdf83"
"PANTONE 135 UP","135","#ffd67a"
"PANTONE 136 UP","136","#fdc24a"
"PANTONE 137 UP","137","#fcbe40"
"PANTONE 138 UP","138","#e8a122"
"PANTONE 139 UP","139","#cb921a"
"PANTONE 140 UP","140","#a78932"
"PANTONE 1345 UP","1345","#ffe0a4"
"PANTONE 1355 UP","1355","#fed693"
"PANTONE 1365 UP","1365","#fcc572"
"PANTONE 1375 UP","1375","#fab538"
"PANTONE 1385 UP","1385","#e69427"
"PANTONE 1395 UP","1395","#b8872d"
"PANTONE 1405 UP","1405","#a18039"
"PANTONE 141 UP","141","#fecb63"
"PANTONE 142 UP","142","#fcc254"
"PANTONE 143 UP","143","#fab247"
"PANTONE 144 UP","144","#f7a333"
"PANTONE 145 UP","145","#e5922c"
"PANTONE 146 UP","146","#be862b"
"PANTONE 147 UP","147","#957d36"
"PANTONE 7408 UP","7408","#f6b62d"
"PANTONE 7409 UP","7409","#f5b82c"
"PANTONE 7410 UP","7410","#f9b884"
"PANTONE 7411 UP","7411","#f2b570"
"PANTONE 7412 UP","7412","#e69849"
"PANTONE 7413 UP","7413","#f3a146"
"PANTONE 7414 UP","7414","#df9134"
"PANTONE 7562 UP","7562","#d9bd8b"
"PANTONE 7563 UP","7563","#f1b544"
"PANTONE 7564 UP","7564","#eca940"
"PANTONE 7565 UP","7565","#e1992a"
"PANTONE 7566 UP","7566","#c47c32"
"PANTONE 7567 UP","7567","#a26d37"
"PANTONE 7568 UP","7568","#8f6531"
"PANTONE 7569 UP","7569","#e99916"
"PANTONE 7570 UP","7570","#e89617"
"PANTONE 7571 UP","7571","#da8d25"
"PANTONE 7572 UP","7572","#ca832b"
"PANTONE 7573 UP","7573","#bf7e2c"
"PANTONE 7574 UP","7574","#af7731"
"PANTONE 7575 UP","7575","#8c6734"
"PANTONE 712 UP","712","#fdddbc"
"PANTONE 713 UP","713","#fccfa6"
"PANTONE 714 UP","714","#f9bf93"
"PANTONE 715 UP","715","#f8af6d"
"PANTONE 716 UP","716","#f59b3e"
"PANTONE 717 UP","717","#e88925"
"PANTONE 718 UP","718","#e2842b"
"PANTONE 148 UP","148","#fed799"
"PANTONE 149 UP","149","#fcc989"
"PANTONE 150 UP","150","#f8ab50"
"PANTONE 151 UP","151","#f7a330"
"PANTONE 152 UP","152","#ec962d"
"PANTONE 153 UP","153","#d28127"
"PANTONE 154 UP","154","#bd7f2c"
"PANTONE 155 UP","155","#feddad"
"PANTONE 156 UP","156","#fccf97"
"PANTONE 157 UP","157","#f7a554"
"PANTONE 158 UP","158","#f49741"
"PANTONE 159 UP","159","#e48a2b"
"PANTONE 160 UP","160","#bf7826"
"PANTONE 161 UP","161","#9a7030"
"PANTONE 1485 UP","1485","#fabf7b"
"PANTONE 1495 UP","1495","#f9b25b"
"PANTONE 1505 UP","1505","#f7a445"
"PANTONE Orange 021 UP","orange-021","#f6a03c"
"PANTONE 1525 UP","1525","#dc832c"
"PANTONE 1535 UP","1535","#ba772c"
"PANTONE 1545 UP","1545","#9d6830"
"PANTONE 1555 UP","1555","#fbd0b1"
"PANTONE 1565 UP","1565","#f9b987"
"PANTONE 1575 UP","1575","#f6a65d"
"PANTONE 1585 UP","1585","#f6a34e"
"PANTONE 1595 UP","1595","#e4832d"
"PANTONE 1605 UP","1605","#c67427"
"PANTONE 1615 UP","1615","#b46f34"
"PANTONE 162 UP","162","#fbd0af"
"PANTONE 163 UP","163","#f8b27f"
"PANTONE 164 UP","164","#f59c54"
"PANTONE 165 UP","165","#f38f36"
"PANTONE 166 UP","166","#ee863f"
"PANTONE 167 UP","167","#d07629"
"PANTONE 168 UP","168","#a56c34"
"PANTONE 7576 UP","7576","#eda16c"
"PANTONE 7577 UP","7577","#f29b46"
"PANTONE 7578 UP","7578","#ef8e36"
"PANTONE 7579 UP","7579","#f28937"
"PANTONE 7580 UP","7580","#df7733"
"PANTONE 7581 UP","7581","#a9714c"
"PANTONE 7582 UP","7582","#805b39"
"PANTONE 1625 UP","1625","#f7b89e"
"PANTONE 1635 UP","1635","#f6ad85"
"PANTONE 1645 UP","1645","#f49d6b"
"PANTONE 1655 UP","1655","#f28c40"
"PANTONE 1665 UP","1665","#ef792c"
"PANTONE 1675 UP","1675","#c66d2d"
"PANTONE 1685 UP","1685","#b36d37"
"PANTONE 169 UP","169","#f9c8bd"
"PANTONE 170 UP","170","#f49d83"
"PANTONE 171 UP","171","#f3987a"
"PANTONE 172 UP","172","#f18649"
"PANTONE 173 UP","173","#e5662f"
"PANTONE 174 UP","174","#bb6534"
"PANTONE 175 UP","175","#955632"
"PANTONE 7583 UP","7583","#e28332"
"PANTONE 7584 UP","7584","#e08232"
"PANTONE 7585 UP","7585","#d48756"
"PANTONE 7586 UP","7586","#be7227"
"PANTONE 7587 UP","7587","#b36f36"
"PANTONE 7588 UP","7588","#9f6b47"
"PANTONE 7589 UP","7589","#7a6559"
"PANTONE 7590 UP","7590","#edc9b5"
"PANTONE 7591 UP","7591","#dc9366"
"PANTONE 7592 UP","7592","#d48358"
"PANTONE 7593 UP","7593","#bd673b"
"PANTONE 7594 UP","7594","#a76035"
"PANTONE 7595 UP","7595","#8e5e3e"
"PANTONE 7596 UP","7596","#7d5a38"
"PANTONE 7597 UP","7597","#ed6f2e"
"PANTONE 7598 UP","7598","#de642f"
"PANTONE 7599 UP","7599","#c55939"
"PANTONE 7600 UP","7600","#b36b36"
"PANTONE 7601 UP","7601","#af6534"
"PANTONE 7602 UP","7602","#9f6c48"
"PANTONE 7603 UP","7603","#89603e"
"PANTONE 7604 UP","7604","#faeeee"
"PANTONE 7605 UP","7605","#fbdedc"
"PANTONE 7606 UP","7606","#efb6bb"
"PANTONE 7607 UP","7607","#e7a59f"
"PANTONE 7608 UP","7608","#c97467"
"PANTONE 7609 UP","7609","#af6153"
"PANTONE 7610 UP","7610","#8c534f"
"PANTONE 7611 UP","7611","#f7e4e0"
"PANTONE 7612 UP","7612","#eabbaf"
"PANTONE 7613 UP","7613","#deb1a3"
"PANTONE 7614 UP","7614","#bd998b"
"PANTONE 7615 UP","7615","#a197ad"
"PANTONE 7616 UP","7616","#92817f"
"PANTONE 7617 UP","7617","#806f6e"
"PANTONE 7520 UP","7520","#f7d1c5"
"PANTONE 7521 UP","7521","#e0b09c"
"PANTONE 7522 UP","7522","#c67f65"
"PANTONE 7523 UP","7523","#bc7c6e"
"PANTONE 7524 UP","7524","#b86e59"
"PANTONE 7525 UP","7525","#b07e5d"
"PANTONE 7526 UP","7526","#ae653b"
"PANTONE 489 UP","489","#fcd9cb"
"PANTONE 488 UP","488","#f9c5b4"
"PANTONE 487 UP","487","#f5ad99"
"PANTONE 486 UP","486","#f39984"
"PANTONE 485 UP","485","#ea6332"
"PANTONE 484 UP","484","#bb603d"
"PANTONE 483 UP","483","#8e5532"
"PANTONE 176 UP","176","#f8c9ca"
"PANTONE 177 UP","177","#f4a7a2"
"PANTONE 178 UP","178","#f2978c"
"PANTONE Warm Red UP","warm-red","#f1886d"
"PANTONE 179 UP","179","#e65f38"
"PANTONE 180 UP","180","#cd5d4d"
"PANTONE 181 UP","181","#a04e3a"
"PANTONE 1765 UP","1765","#f7bbbf"
"PANTONE 1775 UP","1775","#f39fa7"
"PANTONE 1785 UP","1785","#ee7773"
"PANTONE 1788 UP","1788","#ed6a56"
"PANTONE 1795 UP","1795","#e04c35"
"PANTONE 1805 UP","1805","#ca5549"
"PANTONE 1815 UP","1815","#a74a3e"
"PANTONE 1767 UP","1767","#f7c2d0"
"PANTONE 1777 UP","1777","#ef8391"
"PANTONE 1787 UP","1787","#ee7777"
"PANTONE Red 032 UP","red-032","#ea594a"
"PANTONE 1797 UP","1797","#df4335"
"PANTONE 1807 UP","1807","#bf434d"
"PANTONE 1817 UP","1817","#883f3e"
"PANTONE 7618 UP","7618","#e6855b"
"PANTONE 7619 UP","7619","#dc5f3a"
"PANTONE 7620 UP","7620","#d5402d"
"PANTONE 7621 UP","7621","#d03b31"
"PANTONE 7622 UP","7622","#b72c32"
"PANTONE 7623 UP","7623","#a72d2d"
"PANTONE 7624 UP","7624","#982d2c"
"PANTONE 7625 UP","7625","#f0866d"
"PANTONE 7626 UP","7626","#e66755"
"PANTONE 7627 UP","7627","#cb5349"
"PANTONE 7628 UP","7628","#c85246"
"PANTONE 7629 UP","7629","#8d473f"
"PANTONE 7630 UP","7630","#814039"
"PANTONE 7631 UP","7631","#763a33"
"PANTONE 7415 UP","7415","#f7c8b3"
"PANTONE 7416 UP","7416","#ee7d51"
"PANTONE 7417 UP","7417","#ee7648"
"PANTONE 7418 UP","7418","#d45e56"
"PANTONE 7419 UP","7419","#b8555c"
"PANTONE 7420 UP","7420","#b54055"
"PANTONE 7421 UP","7421","#924557"
"PANTONE 182 UP","182","#f7c4d1"
"PANTONE 183 UP","183","#f29eac"
"PANTONE 184 UP","184","#ef7e8a"
"PANTONE 185 UP","185","#e9525e"
"PANTONE 186 UP","186","#e03a44"
"PANTONE 187 UP","187","#c44652"
"PANTONE 188 UP","188","#983e48"
"PANTONE 196 UP","196","#f9d1d5"
"PANTONE 197 UP","197","#f5b0bc"
"PANTONE 198 UP","198","#ec6672"
"PANTONE 199 UP","199","#e52a3c"
"PANTONE 200 UP","200","#d4444e"
"PANTONE 201 UP","201","#b83b4a"
"PANTONE 202 UP","202","#a03a3f"
"PANTONE 189 UP","189","#f6b8cb"
"PANTONE 190 UP","190","#f194aa"
"PANTONE 191 UP","191","#ee788d"
"PANTONE 192 UP","192","#e84858"
"PANTONE 193 UP","193","#d43c59"
"PANTONE 194 UP","194","#b34054"
"PANTONE 195 UP","195","#95404c"
"PANTONE 1895 UP","1895","#f6c1d4"
"PANTONE 1905 UP","1905","#f3a5bf"
"PANTONE 1915 UP","1915","#ed6d8f"
"PANTONE 1925 UP","1925","#e73c58"
"PANTONE 1935 UP","1935","#da2652"
"PANTONE 1945 UP","1945","#c33358"
"PANTONE 1955 UP","1955","#ae2d50"
"PANTONE 705 UP","705","#fce6e7"
"PANTONE 706 UP","706","#fad8de"
"PANTONE 707 UP","707","#f7c2cd"
"PANTONE 708 UP","708","#f4abba"
"PANTONE 709 UP","709","#f08b9c"
"PANTONE 710 UP","710","#ee7480"
"PANTONE 711 UP","711","#e55962"
"PANTONE 698 UP","698","#fbdfe3"
"PANTONE 699 UP","699","#f9d1d9"
"PANTONE 700 UP","700","#f5b6c5"
"PANTONE 701 UP","701","#f09daf"
"PANTONE 702 UP","702","#e38698"
"PANTONE 703 UP","703","#d26c7a"
"PANTONE 704 UP","704","#c04655"
"PANTONE 203 UP","203","#f5b9cf"
"PANTONE 204 UP","204","#f08eae"
"PANTONE 205 UP","205","#e95983"
"PANTONE 206 UP","206","#e11f55"
"PANTONE 207 UP","207","#c42b59"
"PANTONE 208 UP","208","#a52d53"
"PANTONE 209 UP","209","#943550"
"PANTONE 210 UP","210","#f1aac8"
"PANTONE 211 UP","211","#ee90b9"
"PANTONE 212 UP","212","#ed75a4"
"PANTONE 213 UP","213","#e84586"
"PANTONE 214 UP","214","#de2879"
"PANTONE 215 UP","215","#bc1d68"
"PANTONE 216 UP","216","#9a305d"
"PANTONE 7422 UP","7422","#fbe1e5"
"PANTONE 7423 UP","7423","#eb7792"
"PANTONE 7424 UP","7424","#e23578"
"PANTONE 7425 UP","7425","#ce3e6a"
"PANTONE 7426 UP","7426","#ca3e66"
"PANTONE 7427 UP","7427","#bd3f49"
"PANTONE 7428 UP","7428","#904858"
"PANTONE 7632 UP","7632","#f6ebee"
"PANTONE 7633 UP","7633","#e8cfd5"
"PANTONE 7634 UP","7634","#db859a"
"PANTONE 7635 UP","7635","#e3507c"
"PANTONE 7636 UP","7636","#da386f"
"PANTONE 7637 UP","7637","#a93758"
"PANTONE 7638 UP","7638","#983752"
"PANTONE 217 UP","217","#f6cee2"
"PANTONE 218 UP","218","#ee97bf"
"PANTONE 219 UP","219","#e65e9b"
"PANTONE Rubine Red UP","rubine-red","#e32680"
"PANTONE 220 UP","220","#c11f71"
"PANTONE 221 UP","221","#af256a"
"PANTONE 222 UP","222","#903261"
"PANTONE 7639 UP","7639","#b68c90"
"PANTONE 7640 UP","7640","#b86f86"
"PANTONE 7641 UP","7641","#b6657d"
"PANTONE 7642 UP","7642","#834e66"
"PANTONE 7643 UP","7643","#7b4c64"
"PANTONE 7644 UP","7644","#774b62"
"PANTONE 7645 UP","7645","#72485e"
"PANTONE 223 UP","223","#f0bcd6"
"PANTONE 224 UP","224","#eb9ec3"
"PANTONE 225 UP","225","#e472a8"
"PANTONE 226 UP","226","#e22582"
"PANTONE 227 UP","227","#c73b85"
"PANTONE 228 UP","228","#a72e74"
"PANTONE 229 UP","229","#822859"
"PANTONE 230 UP","230","#f1bfd9"
"PANTONE 231 UP","231","#eaa2c6"
"PANTONE 232 UP","232","#e591bb"
"PANTONE Rhodamine Red UP","rhodamine-red","#dc76aa"
"PANTONE 233 UP","233","#d24d93"
"PANTONE 234 UP","234","#bb3984"
"PANTONE 235 UP","235","#a42c72"
"PANTONE 670 UP","670","#f9e4ef"
"PANTONE 671 UP","671","#f8d9e8"
"PANTONE 672 UP","672","#f0bed8"
"PANTONE 673 UP","673","#e495be"
"PANTONE 674 UP","674","#dc73a9"
"PANTONE 675 UP","675","#d66da2"
"PANTONE 676 UP","676","#c8548e"
"PANTONE 677 UP","677","#f9e4ee"
"PANTONE 678 UP","678","#f3dce8"
"PANTONE 679 UP","679","#efcadd"
"PANTONE 680 UP","680","#cd93b2"
"PANTONE 681 UP","681","#b46e92"
"PANTONE 682 UP","682","#ab6a8d"
"PANTONE 683 UP","683","#9a4b71"
"PANTONE 684 UP","684","#f7dee6"
"PANTONE 685 UP","685","#f5d2e3"
"PANTONE 686 UP","686","#eac1d5"
"PANTONE 687 UP","687","#d6a1bc"
"PANTONE 688 UP","688","#b37296"
"PANTONE 689 UP","689","#9a4f78"
"PANTONE 690 UP","690","#975177"
"PANTONE 510 UP","510","#f9d2dd"
"PANTONE 509 UP","509","#f1bbcc"
"PANTONE 508 UP","508","#ebb4c7"
"PANTONE 507 UP","507","#dc96ad"
"PANTONE 506 UP","506","#b77188"
"PANTONE 505 UP","505","#99505a"
"PANTONE 504 UP","504","#8c4b4c"
"PANTONE 7429 UP","7429","#f8dbe4"
"PANTONE 7430 UP","7430","#f4ccdb"
"PANTONE 7431 UP","7431","#e7aec2"
"PANTONE 7432 UP","7432","#d087a0"
"PANTONE 7433 UP","7433","#c76e8a"
"PANTONE 7434 UP","7434","#c36c87"
"PANTONE 7435 UP","7435","#9b345d"
"PANTONE 691 UP","691","#f8e1e3"
"PANTONE 692 UP","692","#f1d4da"
"PANTONE 693 UP","693","#e0b1ba"
"PANTONE 694 UP","694","#dba4b3"
"PANTONE 695 UP","695","#c38592"
"PANTONE 696 UP","696","#b06d76"
"PANTONE 697 UP","697","#9f565e"
"PANTONE 496 UP","496","#f7cdd5"
"PANTONE 495 UP","495","#f3bbc8"
"PANTONE 494 UP","494","#eba9b7"
"PANTONE 493 UP","493","#d68694"
"PANTONE 492 UP","492","#b45252"
"PANTONE 491 UP","491","#a14d47"
"PANTONE 490 UP","490","#8b473b"
"PANTONE 503 UP","503","#f8d7dd"
"PANTONE 502 UP","502","#f5ccd4"
"PANTONE 501 UP","501","#ecbac5"
"PANTONE 500 UP","500","#d39aa4"
"PANTONE 499 UP","499","#9b584d"
"PANTONE 498 UP","498","#854b3f"
"PANTONE 497 UP","497","#794a3a"
"PANTONE 5035 UP","5035","#f6e0e3"
"PANTONE 5025 UP","5025","#eccfd3"
"PANTONE 5015 UP","5015","#e0b6bf"
"PANTONE 5005 UP","5005","#c8969d"
"PANTONE 4995 UP","4995","#ba878d"
"PANTONE 4985 UP","4985","#a67476"
"PANTONE 4975 UP","4975","#814c41"
"PANTONE 236 UP","236","#ebb6d3"
"PANTONE 237 UP","237","#e09bc3"
"PANTONE 238 UP","238","#db88b6"
"PANTONE 239 UP","239","#d372a8"
"PANTONE 240 UP","240","#ce68a2"
"PANTONE 241 UP","241","#bb4f94"
"PANTONE 242 UP","242","#9a3674"
"PANTONE 2365 UP","2365","#f4cee2"
"PANTONE 2375 UP","2375","#dd98c1"
"PANTONE 2385 UP","2385","#da86b5"
"PANTONE 2395 UP","2395","#d47eb0"
"PANTONE 2405 UP","2405","#c96ea7"
"PANTONE 2415 UP","2415","#bc599a"
"PANTONE 2425 UP","2425","#a9468c"
"PANTONE 243 UP","243","#e9b9d6"
"PANTONE 244 UP","244","#e4adce"
"PANTONE 245 UP","245","#d990bc"
"PANTONE 246 UP","246","#d06fa7"
"PANTONE 247 UP","247","#c973aa"
"PANTONE 248 UP","248","#b55196"
"PANTONE 249 UP","249","#9a4383"
"PANTONE 7646 UP","7646","#c48dab"
"PANTONE 7647 UP","7647","#c95a91"
"PANTONE 7648 UP","7648","#ac3178"
"PANTONE 7649 UP","7649","#a74589"
"PANTONE 7650 UP","7650","#8f3a7c"
"PANTONE 7651 UP","7651","#8e568a"
"PANTONE 7652 UP","7652","#814878"
"PANTONE 250 UP","250","#edc8df"
"PANTONE 251 UP","251","#e0acce"
"PANTONE 252 UP","252","#d28fbb"
"PANTONE Purple UP","purple","#c47fb2"
"PANTONE 253 UP","253","#c37fb2"
"PANTONE 254 UP","254","#ae5c9c"
"PANTONE 255 UP","255","#8d3a7c"
"PANTONE 517 UP","517","#f8dbea"
"PANTONE 516 UP","516","#edcae0"
"PANTONE 515 UP","515","#e7b9d6"
"PANTONE 514 UP","514","#d293be"
"PANTONE 513 UP","513","#a64d93"
"PANTONE 512 UP","512","#97428d"
"PANTONE 511 UP","511","#783861"
"PANTONE 7436 UP","7436","#fceaf1"
"PANTONE 7437 UP","7437","#e1c4dc"
"PANTONE 7438 UP","7438","#d7abce"
"PANTONE 7439 UP","7439","#cdaacf"
"PANTONE 7440 UP","7440","#c8a7ca"
"PANTONE 7441 UP","7441","#b691c0"
"PANTONE 7442 UP","7442","#9d7ab2"
"PANTONE 2562 UP","2562","#e3c5de"
"PANTONE 2572 UP","2572","#cca2c9"
"PANTONE 2582 UP","2582","#c091bf"
"PANTONE 2592 UP","2592","#ae7bb1"
"PANTONE 2602 UP","2602","#9d5c9d"
"PANTONE 2612 UP","2612","#975498"
"PANTONE 2622 UP","2622","#844c7e"
"PANTONE 7653 UP","7653","#acacbc"
"PANTONE 7654 UP","7654","#c6a2bd"
"PANTONE 7655 UP","7655","#b278ae"
"PANTONE 7656 UP","7656","#a864a0"
"PANTONE 7657 UP","7657","#8c568a"
"PANTONE 7658 UP","7658","#814c7d"
"PANTONE 7659 UP","7659","#7f516c"
"PANTONE 524 UP","524","#efdeec"
"PANTONE 523 UP","523","#dbc0dc"
"PANTONE 522 UP","522","#ccaed1"
"PANTONE 521 UP","521","#be9dc7"
"PANTONE 520 UP","520","#894a88"
"PANTONE 519 UP","519","#7e577b"
"PANTONE 518 UP","518","#654360"
"PANTONE 5245 UP","5245","#f2e5e9"
"PANTONE 5235 UP","5235","#e6d4dc"
"PANTONE 5225 UP","5225","#cdb7c4"
"PANTONE 5215 UP","5215","#b4a1ae"
"PANTONE 5205 UP","5205","#987c88"
"PANTONE 5195 UP","5195","#927684"
"PANTONE 5185 UP","5185","#81606b"
"PANTONE 5175 UP","5175","#efe3e8"
"PANTONE 5165 UP","5165","#e7d4dd"
"PANTONE 5155 UP","5155","#c9a8c0"
"PANTONE 5145 UP","5145","#bfa0b9"
"PANTONE 5135 UP","5135","#9a7293"
"PANTONE 5125 UP","5125","#855571"
"PANTONE 5115 UP","5115","#83536f"
"PANTONE 531 UP","531","#eed6e8"
"PANTONE 530 UP","530","#e5cce2"
"PANTONE 529 UP","529","#ddc1dc"
"PANTONE 528 UP","528","#bd99c4"
"PANTONE 527 UP","527","#9963a2"
"PANTONE 526 UP","526","#885297"
"PANTONE 525 UP","525","#743c75"
"PANTONE 256 UP","256","#e3c2dc"
"PANTONE 257 UP","257","#c9a3ca"
"PANTONE 258 UP","258","#bb8ebd"
"PANTONE 259 UP","259","#a872ab"
"PANTONE 260 UP","260","#996096"
"PANTONE 261 UP","261","#8e578d"
"PANTONE 262 UP","262","#824c73"
"PANTONE 2563 UP","2563","#d4b7d6"
"PANTONE 2573 UP","2573","#c49ec7"
"PANTONE 2583 UP","2583","#a87ab1"
"PANTONE 2593 UP","2593","#9e6ea9"
"PANTONE 2603 UP","2603","#8d4e94"
"PANTONE 2613 UP","2613","#86408a"
"PANTONE 2623 UP","2623","#814385"
"PANTONE 7660 UP","7660","#b1b1c8"
"PANTONE 7661 UP","7661","#a08baf"
"PANTONE 7662 UP","7662","#855194"
"PANTONE 7663 UP","7663","#7d468b"
"PANTONE 7664 UP","7664","#724a8d"
"PANTONE 7665 UP","7665","#693a81"
"PANTONE 7666 UP","7666","#6f596a"
"PANTONE 2567 UP","2567","#ceb5d6"
"PANTONE 2577 UP","2577","#b79bc6"
"PANTONE 2587 UP","2587","#a17fb5"
"PANTONE 2597 UP","2597","#8f65a3"
"PANTONE 2607 UP","2607","#88599c"
"PANTONE 2617 UP","2617","#855195"
"PANTONE 2627 UP","2627","#743c81"
"PANTONE 263 UP","263","#d9c8e1"
"PANTONE 264 UP","264","#c4aed2"
"PANTONE 265 UP","265","#a78cbd"
"PANTONE 266 UP","266","#9374ae"
"PANTONE 267 UP","267","#8d6ca9"
"PANTONE 268 UP","268","#845398"
"PANTONE 269 UP","269","#74407c"
"PANTONE 2635 UP","2635","#d1c8e2"
"PANTONE 2645 UP","2645","#c0b1d5"
"PANTONE 2655 UP","2655","#a793c2"
"PANTONE 2665 UP","2665","#9681b7"
"PANTONE Violet UP","violet","#8e76af"
"PANTONE 2685 UP","2685","#7c5c9e"
"PANTONE 2695 UP","2695","#66447e"
"PANTONE 270 UP","270","#bbc1e0"
"PANTONE 271 UP","271","#aaaad2"
"PANTONE 272 UP","272","#9d9dcb"
"PANTONE 273 UP","273","#63579c"
"PANTONE 274 UP","274","#60569a"
"PANTONE 275 UP","275","#493e87"
"PANTONE 276 UP","276","#49396a"
"PANTONE 2705 UP","2705","#c2c1df"
"PANTONE 2715 UP","2715","#a5a6d0"
"PANTONE 2725 UP","2725","#9692c3"
"PANTONE 2735 UP","2735","#695fa1"
"PANTONE 2745 UP","2745","#5f549a"
"PANTONE 2755 UP","2755","#464089"
"PANTONE 2765 UP","2765","#3f3779"
"PANTONE 7667 UP","7667","#8295b7"
"PANTONE 7668 UP","7668","#6981b1"
"PANTONE 7669 UP","7669","#6773b0"
"PANTONE 7670 UP","7670","#5869a9"
"PANTONE 7671 UP","7671","#5667a7"
"PANTONE 7672 UP","7672","#50579c"
"PANTONE 7673 UP","7673","#575f93"
"PANTONE 7443 UP","7443","#efeef6"
"PANTONE 7444 UP","7444","#cbcfe7"
"PANTONE 7445 UP","7445","#c0c1dd"
"PANTONE 7446 UP","7446","#acb1d6"
"PANTONE 7447 UP","7447","#776c95"
"PANTONE 7448 UP","7448","#6c5a6b"
"PANTONE 7449 UP","7449","#5b3047"
"PANTONE 7674 UP","7674","#98a9d3"
"PANTONE 7675 UP","7675","#8e9dc7"
"PANTONE 7676 UP","7676","#8081b6"
"PANTONE 7677 UP","7677","#8070a9"
"PANTONE 7678 UP","7678","#6f5b9e"
"PANTONE 7679 UP","7679","#634f96"
"PANTONE 7680 UP","7680","#5f3a87"
"PANTONE 663 UP","663","#ebe8ef"
"PANTONE 664 UP","664","#e4dee9"
"PANTONE 665 UP","665","#d5cfe1"
"PANTONE 666 UP","666","#c1bcd4"
"PANTONE 667 UP","667","#9695b7"
"PANTONE 668 UP","668","#817da2"
"PANTONE 669 UP","669","#70698f"
"PANTONE 5315 UP","5315","#efeff4"
"PANTONE 5305 UP","5305","#dcdce9"
"PANTONE 5295 UP","5295","#bbbcd0"
"PANTONE 5285 UP","5285","#9399ba"
"PANTONE 5275 UP","5275","#7f80a1"
"PANTONE 5265 UP","5265","#5e5880"
"PANTONE 5255 UP","5255","#4b426e"
"PANTONE 538 UP","538","#e1eaee"
"PANTONE 537 UP","537","#d5e0e9"
"PANTONE 536 UP","536","#bacddd"
"PANTONE 535 UP","535","#91aec8"
"PANTONE 534 UP","534","#3b638b"
"PANTONE 533 UP","533","#3c5973"
"PANTONE 532 UP","532","#485164"
"PANTONE 7541 UP","7541","#f1f7f7"
"PANTONE 7542 UP","7542","#bdd9dd"
"PANTONE 7543 UP","7543","#bdced4"
"PANTONE 7544 UP","7544","#adc4cc"
"PANTONE 7545 UP","7545","#7b8a93"
"PANTONE 7546 UP","7546","#5a6f7e"
"PANTONE 7547 UP","7547","#4c5b68"
"PANTONE 552 UP","552","#c9e6eb"
"PANTONE 551 UP","551","#b1d7df"
"PANTONE 550 UP","550","#8fc7d6"
"PANTONE 549 UP","549","#6cb6c8"
"PANTONE 548 UP","548","#005d6d"
"PANTONE 547 UP","547","#005565"
"PANTONE 546 UP","546","#1b4e57"
"PANTONE 5455 UP","5455","#e4eef1"
"PANTONE 5445 UP","5445","#bdd6e1"
"PANTONE 5435 UP","5435","#afcbd8"
"PANTONE 5425 UP","5425","#80a4b4"
"PANTONE 5415 UP","5415","#6b8d9d"
"PANTONE 5405 UP","5405","#628191"
"PANTONE 5395 UP","5395","#12415a"
"PANTONE 642 UP","642","#e1eef5"
"PANTONE 643 UP","643","#cce2f1"
"PANTONE 644 UP","644","#9ec7e0"
"PANTONE 645 UP","645","#72a8cc"
"PANTONE 646 UP","646","#659abe"
"PANTONE 647 UP","647","#2f78a6"
"PANTONE 648 UP","648","#00568b"
"PANTONE 649 UP","649","#e5eef5"
"PANTONE 650 UP","650","#dbe7f0"
"PANTONE 651 UP","651","#b2d1ea"
"PANTONE 652 UP","652","#78acd6"
"PANTONE 653 UP","653","#367cad"
"PANTONE 654 UP","654","#005a90"
"PANTONE 655 UP","655","#005386"
"PANTONE 656 UP","656","#e6eef5"
"PANTONE 657 UP","657","#dbebf7"
"PANTONE 658 UP","658","#bcd9ee"
"PANTONE 659 UP","659","#a0c6e6"
"PANTONE 660 UP","660","#6fa5d3"
"PANTONE 661 UP","661","#0e73b5"
"PANTONE 662 UP","662","#0057a0"
"PANTONE 7450 UP","7450","#dae1ed"
"PANTONE 7451 UP","7451","#b2cde9"
"PANTONE 7452 UP","7452","#a4badd"
"PANTONE 7453 UP","7453","#9ac7e8"
"PANTONE 7454 UP","7454","#60a6c6"
"PANTONE 7455 UP","7455","#668ec4"
"PANTONE 7456 UP","7456","#7893c6"
"PANTONE 2706 UP","2706","#dae1ef"
"PANTONE 2716 UP","2716","#b5c0e0"
"PANTONE 2726 UP","2726","#7d8cc1"
"PANTONE 2736 UP","2736","#5f70af"
"PANTONE 2746 UP","2746","#46569c"
"PANTONE 2756 UP","2756","#32468d"
"PANTONE 2766 UP","2766","#37447a"
"PANTONE 2708 UP","2708","#c6d9ed"
"PANTONE 2718 UP","2718","#82a7d4"
"PANTONE 2728 UP","2728","#547ab7"
"PANTONE 2738 UP","2738","#4660a4"
"PANTONE 2748 UP","2748","#1b4685"
"PANTONE 2758 UP","2758","#1e4381"
"PANTONE 2768 UP","2768","#26416d"
"PANTONE 2707 UP","2707","#cfe4f3"
"PANTONE 2717 UP","2717","#b4d6ee"
"PANTONE 2727 UP","2727","#6a9bcd"
"PANTONE Blue 072 UP","blue-072","#4a69aa"
"PANTONE 2747 UP","2747","#004a8e"
"PANTONE 2757 UP","2757","#1e4381"
"PANTONE 2767 UP","2767","#22416e"
"PANTONE 277 UP","277","#b6ddf1"
"PANTONE 278 UP","278","#9fceea"
"PANTONE 279 UP","279","#519dd1"
"PANTONE Reflex Blue UP","reflex-blue","#1e59a0"
"PANTONE 280 UP","280","#004c91"
"PANTONE 281 UP","281","#044680"
"PANTONE 282 UP","282","#204370"
"PANTONE 283 UP","283","#b5dbf0"
"PANTONE 284 UP","284","#99cbea"
"PANTONE 285 UP","285","#449acf"
"PANTONE 286 UP","286","#1f69ad"
"PANTONE 287 UP","287","#0063a9"
"PANTONE 288 UP","288","#005392"
"PANTONE 289 UP","289","#01476f"
"PANTONE 7681 UP","7681","#a8c9e7"
"PANTONE 7682 UP","7682","#81abd4"
"PANTONE 7683 UP","7683","#6290c4"
"PANTONE 7684 UP","7684","#3d75b5"
"PANTONE 7685 UP","7685","#3f74b4"
"PANTONE 7686 UP","7686","#005fa6"
"PANTONE 7687 UP","7687","#005096"
"PANTONE 545 UP","545","#c6e4ef"
"PANTONE 544 UP","544","#9acde3"
"PANTONE 543 UP","543","#88c5df"
"PANTONE 542 UP","542","#6eb4d3"
"PANTONE 541 UP","541","#005988"
"PANTONE 540 UP","540","#005276"
"PANTONE 539 UP","539","#415771"
"PANTONE 290 UP","290","#b6e1f3"
"PANTONE 291 UP","291","#9ed6f0"
"PANTONE 292 UP","292","#76c1e7"
"PANTONE 293 UP","293","#006db2"
"PANTONE 294 UP","294","#005d97"
"PANTONE 295 UP","295","#005482"
"PANTONE 296 UP","296","#01465c"
"PANTONE 2905 UP","2905","#aaddef"
"PANTONE 2915 UP","2915","#78caeb"
"PANTONE 2925 UP","2925","#3eb2e1"
"PANTONE 2935 UP","2935","#006db3"
"PANTONE 2945 UP","2945","#0065a2"
"PANTONE 2955 UP","2955","#005982"
"PANTONE 2965 UP","2965","#004d6a"
"PANTONE 297 UP","297","#a2daef"
"PANTONE 298 UP","298","#77cced"
"PANTONE 299 UP","299","#2db3e2"
"PANTONE 300 UP","300","#007fc4"
"PANTONE 301 UP","301","#006fa5"
"PANTONE 302 UP","302","#005d82"
"PANTONE 303 UP","303","#00536c"
"PANTONE 7688 UP","7688","#46acd8"
"PANTONE 7689 UP","7689","#30a2d0"
"PANTONE 7690 UP","7690","#0081b5"
"PANTONE 7691 UP","7691","#0074ad"
"PANTONE 7692 UP","7692","#00669d"
"PANTONE 7693 UP","7693","#005d8f"
"PANTONE 7694 UP","7694","#005a8b"
"PANTONE 2975 UP","2975","#97d7e8"
"PANTONE 2985 UP","2985","#3cc2e8"
"PANTONE 2995 UP","2995","#00aae3"
"PANTONE 3005 UP","3005","#008cce"
"PANTONE 3015 UP","3015","#007bad"
"PANTONE 3025 UP","3025","#006686"
"PANTONE 3035 UP","3035","#005366"
"PANTONE 7695 UP","7695","#8fbfd3"
"PANTONE 7696 UP","7696","#75b1c7"
"PANTONE 7697 UP","7697","#65a6bc"
"PANTONE 7698 UP","7698","#42849d"
"PANTONE 7699 UP","7699","#2c798f"
"PANTONE 7700 UP","7700","#2a7994"
"PANTONE 7701 UP","7701","#007893"
"PANTONE 7457 UP","7457","#def1f3"
"PANTONE 7458 UP","7458","#49b6d1"
"PANTONE 7459 UP","7459","#009ebd"
"PANTONE 7460 UP","7460","#009fd1"
"PANTONE 7461 UP","7461","#39a1cf"
"PANTONE 7462 UP","7462","#2786b1"
"PANTONE 7463 UP","7463","#0a6284"
"PANTONE 304 UP","304","#a6dbe4"
"PANTONE 305 UP","305","#75cce0"
"PANTONE 306 UP","306","#00b8d9"
"PANTONE Process Blue UP","process-blue","#0094d0"
"PANTONE 307 UP","307","#0083b4"
"PANTONE 308 UP","308","#006f8f"
"PANTONE 309 UP","309","#005766"
"PANTONE 635 UP","635","#b8e2ea"
"PANTONE 636 UP","636","#aedee7"
"PANTONE 637 UP","637","#87d1e0"
"PANTONE 638 UP","638","#5cc6dd"
"PANTONE 639 UP","639","#00a1ce"
"PANTONE 640 UP","640","#0094c6"
"PANTONE 641 UP","641","#008bbd"
"PANTONE 7702 UP","7702","#5cbdd6"
"PANTONE 7703 UP","7703","#29b4d5"
"PANTONE 7704 UP","7704","#009bc1"
"PANTONE 7705 UP","7705","#0083ab"
"PANTONE 7706 UP","7706","#0080a8"
"PANTONE 7707 UP","7707","#007498"
"PANTONE 7708 UP","7708","#006986"
"PANTONE 628 UP","628","#d1ebea"
"PANTONE 629 UP","629","#b8e1e6"
"PANTONE 630 UP","630","#92d4e1"
"PANTONE 631 UP","631","#66c8da"
"PANTONE 632 UP","632","#00b3ce"
"PANTONE 633 UP","633","#0089ad"
"PANTONE 634 UP","634","#00799b"
"PANTONE 310 UP","310","#98d6e3"
"PANTONE 311 UP","311","#6dcade"
"PANTONE 312 UP","312","#00b7d6"
"PANTONE 313 UP","313","#009cc3"
"PANTONE 314 UP","314","#008db0"
"PANTONE 315 UP","315","#00768f"
"PANTONE 316 UP","316","#005868"
"PANTONE 3105 UP","3105","#8ed3dd"
"PANTONE 3115 UP","3115","#77cbd6"
"PANTONE 3125 UP","3125","#39becf"
"PANTONE 3135 UP","3135","#009cb5"
"PANTONE 3145 UP","3145","#00869b"
"PANTONE 3155 UP","3155","#007585"
"PANTONE 3165 UP","3165","#00646d"
"PANTONE 7709 UP","7709","#73c6d0"
"PANTONE 7710 UP","7710","#20bacb"
"PANTONE 7711 UP","7711","#00abc1"
"PANTONE 7712 UP","7712","#0097ad"
"PANTONE 7713 UP","7713","#008b9c"
"PANTONE 7714 UP","7714","#008392"
"PANTONE 7715 UP","7715","#00707e"
"PANTONE 317 UP","317","#b9e1df"
"PANTONE 318 UP","318","#8dd1d4"
"PANTONE 319 UP","319","#7fcdd2"
"PANTONE 320 UP","320","#00a2a9"
"PANTONE 321 UP","321","#009399"
"PANTONE 322 UP","322","#008184"
"PANTONE 323 UP","323","#006e6e"
"PANTONE 7464 UP","7464","#c3e5e4"
"PANTONE 7465 UP","7465","#7bc9bd"
"PANTONE 7466 UP","7466","#0eb7bd"
"PANTONE 7467 UP","7467","#00b3b8"
"PANTONE 7468 UP","7468","#007da2"
"PANTONE 7469 UP","7469","#006e93"
"PANTONE 7470 UP","7470","#007181"
"PANTONE 7471 UP","7471","#9ad4cf"
"PANTONE 7472 UP","7472","#8bcfca"
"PANTONE 7473 UP","7473","#44b29e"
"PANTONE 7474 UP","7474","#00949e"
"PANTONE 7475 UP","7475","#599794"
"PANTONE 7476 UP","7476","#2b7a7a"
"PANTONE 7477 UP","7477","#397177"
"PANTONE 5523 UP","5523","#d8ecea"
"PANTONE 5513 UP","5513","#c5e3e4"
"PANTONE 5503 UP","5503","#afd8db"
"PANTONE 5493 UP","5493","#8ababe"
"PANTONE 5483 UP","5483","#4b9498"
"PANTONE 5473 UP","5473","#42858a"
"PANTONE 5463 UP","5463","#005057"
"PANTONE 7716 UP","7716","#2aada6"
"PANTONE 7717 UP","7717","#009a96"
"PANTONE 7718 UP","7718","#00887f"
"PANTONE 7719 UP","7719","#007674"
"PANTONE 7720 UP","7720","#006e6b"
"PANTONE 7721 UP","7721","#006862"
"PANTONE 7722 UP","7722","#00635d"
"PANTONE 324 UP","324","#aadbda"
"PANTONE 325 UP","325","#80ccc9"
"PANTONE 326 UP","326","#41baaf"
"PANTONE 327 UP","327","#009984"
"PANTONE 328 UP","328","#008575"
"PANTONE 329 UP","329","#007b6d"
"PANTONE 330 UP","330","#005f51"
"PANTONE 3242 UP","3242","#94d3ce"
"PANTONE 3252 UP","3252","#8bcfcb"
"PANTONE 3262 UP","3262","#4fbdb2"
"PANTONE 3272 UP","3272","#00afa3"
"PANTONE 3282 UP","3282","#009687"
"PANTONE 3292 UP","3292","#007d70"
"PANTONE 3302 UP","3302","#006252"
"PANTONE 3245 UP","3245","#95d2cb"
"PANTONE 3255 UP","3255","#91d1c8"
"PANTONE 3265 UP","3265","#6dc5b9"
"PANTONE 3275 UP","3275","#42baab"
"PANTONE 3285 UP","3285","#00aa91"
"PANTONE 3295 UP","3295","#009275"
"PANTONE 3305 UP","3305","#006e57"
"PANTONE 3248 UP","3248","#8ccec3"
"PANTONE 3258 UP","3258","#78c8ba"
"PANTONE 3268 UP","3268","#4ebba7"
"PANTONE 3278 UP","3278","#00ac92"
"PANTONE 3288 UP","3288","#009573"
"PANTONE 3298 UP","3298","#007a5e"
"PANTONE 3308 UP","3308","#005a43"
"PANTONE 566 UP","566","#c8e6dd"
"PANTONE 565 UP","565","#b9e0d8"
"PANTONE 564 UP","564","#a0d6cc"
"PANTONE 563 UP","563","#8fd0c7"
"PANTONE 562 UP","562","#009381"
"PANTONE 561 UP","561","#007962"
"PANTONE 560 UP","560","#1f513a"
"PANTONE 573 UP","573","#cae7de"
"PANTONE 572 UP","572","#bee2d8"
"PANTONE 571 UP","571","#a3d7cc"
"PANTONE 570 UP","570","#80cab9"
"PANTONE 569 UP","569","#009882"
"PANTONE 568 UP","568","#007e66"
"PANTONE 567 UP","567","#0e644d"
"PANTONE 559 UP","559","#c9e0ce"
"PANTONE 558 UP","558","#bedbc8"
"PANTONE 557 UP","557","#a3cdb7"
"PANTONE 556 UP","556","#79b18d"
"PANTONE 555 UP","555","#458958"
"PANTONE 554 UP","554","#427b4a"
"PANTONE 553 UP","553","#4c6942"
"PANTONE 5595 UP","5595","#dce8df"
"PANTONE 5585 UP","5585","#cde1d6"
"PANTONE 5575 UP","5575","#b9d2c5"
"PANTONE 5565 UP","5565","#9ebfb1"
"PANTONE 5555 UP","5555","#84a998"
"PANTONE 5545 UP","5545","#688a78"
"PANTONE 5535 UP","5535","#1f4c37"
"PANTONE 5665 UP","5665","#d8e6dc"
"PANTONE 5655 UP","5655","#ccd9cc"
"PANTONE 5645 UP","5645","#afc1b0"
"PANTONE 5635 UP","5635","#92ac9a"
"PANTONE 5625 UP","5625","#799077"
"PANTONE 5615 UP","5615","#6a826b"
"PANTONE 5605 UP","5605","#576b4e"
"PANTONE 5527 UP","5527","#d7e1dd"
"PANTONE 5517 UP","5517","#b8cdc8"
"PANTONE 5507 UP","5507","#a3bab5"
"PANTONE 5497 UP","5497","#8aa49e"
"PANTONE 5487 UP","5487","#648278"
"PANTONE 5477 UP","5477","#5e7a70"
"PANTONE 5467 UP","5467","#395645"
"PANTONE 621 UP","621","#dae8dd"
"PANTONE 622 UP","622","#cde3d8"
"PANTONE 623 UP","623","#b6d3c7"
"PANTONE 624 UP","624","#96c0b1"
"PANTONE 625 UP","625","#76a597"
"PANTONE 626 UP","626","#5b8e7b"
"PANTONE 627 UP","627","#356c55"
"PANTONE 331 UP","331","#b8dfd5"
"PANTONE 332 UP","332","#a6d8ca"
"PANTONE 333 UP","333","#6ec4b0"
"PANTONE Green UP","green","#00a786"
"PANTONE 334 UP","334","#009a75"
"PANTONE 335 UP","335","#00886a"
"PANTONE 336 UP","336","#00765b"
"PANTONE 337 UP","337","#90cfbe"
"PANTONE 338 UP","338","#7dc8b1"
"PANTONE 339 UP","339","#49b894"
"PANTONE 340 UP","340","#009e61"
"PANTONE 341 UP","341","#007f52"
"PANTONE 342 UP","342","#00744c"
"PANTONE 343 UP","343","#006443"
"PANTONE 7723 UP","7723","#7ac2ab"
"PANTONE 7724 UP","7724","#1fa57e"
"PANTONE 7725 UP","7725","#009d6d"
"PANTONE 7726 UP","7726","#00864d"
"PANTONE 7727 UP","7727","#007841"
"PANTONE 7728 UP","7728","#006f3d"
"PANTONE 7729 UP","7729","#00663d"
"PANTONE 3375 UP","3375","#9ad1b5"
"PANTONE 3385 UP","3385","#83c7a2"
"PANTONE 3395 UP","3395","#64bd91"
"PANTONE 3405 UP","3405","#00ab74"
"PANTONE 3415 UP","3415","#008c56"
"PANTONE 3425 UP","3425","#00804e"
"PANTONE 3435 UP","3435","#006d45"
"PANTONE 344 UP","344","#9ad0b0"
"PANTONE 345 UP","345","#98cfad"
"PANTONE 346 UP","346","#7ec496"
"PANTONE 347 UP","347","#44b16b"
"PANTONE 348 UP","348","#009942"
"PANTONE 349 UP","349","#177e3a"
"PANTONE 350 UP","350","#446c39"
"PANTONE 351 UP","351","#9ed1ad"
"PANTONE 352 UP","352","#99cfa7"
"PANTONE 353 UP","353","#94cca1"
"PANTONE 354 UP","354","#3fae5a"
"PANTONE 355 UP","355","#00a448"
"PANTONE 356 UP","356","#189141"
"PANTONE 357 UP","357","#3a7539"
"PANTONE 7478 UP","7478","#b6ddc6"
"PANTONE 7479 UP","7479","#7cc287"
"PANTONE 7480 UP","7480","#7bc28e"
"PANTONE 7481 UP","7481","#5cb669"
"PANTONE 7482 UP","7482","#3eb069"
"PANTONE 7483 UP","7483","#407a3e"
"PANTONE 7484 UP","7484","#006f44"
"PANTONE 7730 UP","7730","#6bad6b"
"PANTONE 7731 UP","7731","#4da062"
"PANTONE 7732 UP","7732","#219145"
"PANTONE 7733 UP","7733","#00803a"
"PANTONE 7734 UP","7734","#006f3b"
"PANTONE 7735 UP","7735","#436944"
"PANTONE 7736 UP","7736","#416248"
"PANTONE 7737 UP","7737","#8fbc42"
"PANTONE 7738 UP","7738","#7aba4b"
"PANTONE 7739 UP","7739","#4cab38"
"PANTONE 7740 UP","7740","#64a844"
"PANTONE 7741 UP","7741","#67a33c"
"PANTONE 7742 UP","7742","#649335"
"PANTONE 7743 UP","7743","#5c8031"
"PANTONE 358 UP","358","#b8d89f"
"PANTONE 359 UP","359","#a9d088"
"PANTONE 360 UP","360","#94c568"
"PANTONE 361 UP","361","#83bd4a"
"PANTONE 362 UP","362","#6eaa3d"
"PANTONE 363 UP","363","#6a9c34"
"PANTONE 364 UP","364","#648c33"
"PANTONE 7485 UP","7485","#f1f6e1"
"PANTONE 7486 UP","7486","#cce2b0"
"PANTONE 7487 UP","7487","#bdda9c"
"PANTONE 7488 UP","7488","#a4ce84"
"PANTONE 7489 UP","7489","#80b74d"
"PANTONE 7490 UP","7490","#82ac50"
"PANTONE 7491 UP","7491","#8a9943"
"PANTONE 365 UP","365","#d1e2a6"
"PANTONE 366 UP","366","#bcd681"
"PANTONE 367 UP","367","#aacc64"
"PANTONE 368 UP","368","#8fc14c"
"PANTONE 369 UP","369","#84b93e"
"PANTONE 370 UP","370","#82a32f"
"PANTONE 371 UP","371","#7d8635"
"PANTONE 372 UP","372","#dde7a2"
"PANTONE 373 UP","373","#cfde8d"
"PANTONE 374 UP","374","#c4d873"
"PANTONE 375 UP","375","#b3cf62"
"PANTONE 376 UP","376","#98be33"
"PANTONE 377 UP","377","#8fa729"
"PANTONE 378 UP","378","#878e34"
"PANTONE 580 UP","580","#dce9c3"
"PANTONE 579 UP","579","#d6e5b4"
"PANTONE 578 UP","578","#cddea5"
"PANTONE 577 UP","577","#b1ce8c"
"PANTONE 576 UP","576","#81a339"
"PANTONE 575 UP","575","#7b9139"
"PANTONE 574 UP","574","#6f7b3b"
"PANTONE 5807 UP","5807","#e4e6c5"
"PANTONE 5797 UP","5797","#e1e2bd"
"PANTONE 5787 UP","5787","#d0d5a6"
"PANTONE 5777 UP","5777","#c2c990"
"PANTONE 5767 UP","5767","#aeb473"
"PANTONE 5757 UP","5757","#9ca35b"
"PANTONE 5747 UP","5747","#838649"
"PANTONE 5875 UP","5875","#ebe6b9"
"PANTONE 5865 UP","5865","#e8e2b3"
"PANTONE 5855 UP","5855","#dbd6a0"
"PANTONE 5845 UP","5845","#c3be7d"
"PANTONE 5835 UP","5835","#a69e4e"
"PANTONE 5825 UP","5825","#a29b4d"
"PANTONE 5815 UP","5815","#8b8334"
"PANTONE 5803 UP","5803","#e2e5c5"
"PANTONE 5793 UP","5793","#d7ddc6"
"PANTONE 5783 UP","5783","#c9d1b0"
"PANTONE 5773 UP","5773","#b2bd9a"
"PANTONE 5763 UP","5763","#92a074"
"PANTONE 5753 UP","5753","#828b59"
"PANTONE 5743 UP","5743","#707944"
"PANTONE 7492 UP","7492","#d1d995"
"PANTONE 7493 UP","7493","#cfdbad"
"PANTONE 7494 UP","7494","#adc39e"
"PANTONE 7495 UP","7495","#939c2e"
"PANTONE 7496 UP","7496","#8b952d"
"PANTONE 7497 UP","7497","#969072"
"PANTONE 7498 UP","7498","#798147"
"PANTONE 7744 UP","7744","#d6d100"
"PANTONE 7745 UP","7745","#c8c41e"
"PANTONE 7746 UP","7746","#b4b12d"
"PANTONE 7747 UP","7747","#a5a436"
"PANTONE 7748 UP","7748","#989937"
"PANTONE 7749 UP","7749","#8e8d42"
"PANTONE 7750 UP","7750","#808043"
"PANTONE 379 UP","379","#f3ed8d"
"PANTONE 380 UP","380","#e8e77c"
"PANTONE 381 UP","381","#d4da49"
"PANTONE 382 UP","382","#c2d346"
"PANTONE 383 UP","383","#afb41b"
"PANTONE 384 UP","384","#a7a82a"
"PANTONE 385 UP","385","#979130"
"PANTONE 386 UP","386","#f3ed90"
"PANTONE 387 UP","387","#f1eb84"
"PANTONE 388 UP","388","#e7e358"
"PANTONE 389 UP","389","#d6dc54"
"PANTONE 390 UP","390","#bbc115"
"PANTONE 391 UP","391","#a9a51d"
"PANTONE 392 UP","392","#9e9729"
"PANTONE 587 UP","587","#f6f09e"
"PANTONE 586 UP","586","#f5ef92"
"PANTONE 585 UP","585","#ece888"
"PANTONE 584 UP","584","#e3de59"
"PANTONE 583 UP","583","#c7c424"
"PANTONE 582 UP","582","#ada623"
"PANTONE 581 UP","581","#8f882e"
"PANTONE 393 UP","393","#faf29a"
"PANTONE 394 UP","394","#fef079"
"PANTONE 395 UP","395","#f9eb5b"
"PANTONE 396 UP","396","#f0e539"
"PANTONE 397 UP","397","#d1c700"
"PANTONE 398 UP","398","#bab212"
"PANTONE 399 UP","399","#aea419"
"PANTONE 3935 UP","3935","#fff497"
"PANTONE 3945 UP","3945","#ffee56"
"PANTONE 3955 UP","3955","#fde808"
"PANTONE 3965 UP","3965","#fde700"
"PANTONE 3975 UP","3975","#d3c20f"
"PANTONE 3985 UP","3985","#bfaf1f"
"PANTONE 3995 UP","3995","#9d912c"
"PANTONE 600 UP","600","#fdf5b3"
"PANTONE 601 UP","601","#fef4a6"
"PANTONE 602 UP","602","#fff5a1"
"PANTONE 603 UP","603","#fff388"
"PANTONE 604 UP","604","#ffeb42"
"PANTONE 605 UP","605","#f8e104"
"PANTONE 606 UP","606","#edd600"
"PANTONE 607 UP","607","#fff8c2"
"PANTONE 608 UP","608","#fdf3ac"
"PANTONE 609 UP","609","#faefa0"
"PANTONE 610 UP","610","#f6e566"
"PANTONE 611 UP","611","#e3ce00"
"PANTONE 612 UP","612","#d8c30b"
"PANTONE 613 UP","613","#c9b516"
"PANTONE 461 UP","461","#fdef9e"
"PANTONE 460 UP","460","#fced96"
"PANTONE 459 UP","459","#f6e47e"
"PANTONE 458 UP","458","#e5c82c"
"PANTONE 457 UP","457","#c4a724"
"PANTONE 456 UP","456","#af992d"
"PANTONE 455 UP","455","#8e8033"
"PANTONE 614 UP","614","#f6f2c4"
"PANTONE 615 UP","615","#efe8ab"
"PANTONE 616 UP","616","#e0d791"
"PANTONE 617 UP","617","#d9d086"
"PANTONE 618 UP","618","#c4b962"
"PANTONE 619 UP","619","#b3a646"
"PANTONE 620 UP","620","#a29429"
"PANTONE 7751 UP","7751","#e8d35e"
"PANTONE 7752 UP","7752","#e6cc53"
"PANTONE 7753 UP","7753","#e4c32e"
"PANTONE 7754 UP","7754","#bdab60"
"PANTONE 7755 UP","7755","#a28e4b"
"PANTONE 7756 UP","7756","#887c38"
"PANTONE 7757 UP","7757","#817532"
"PANTONE 7758 UP","7758","#eed816"
"PANTONE 7759 UP","7759","#e0cc10"
"PANTONE 7760 UP","7760","#b3a228"
"PANTONE 7761 UP","7761","#948b2b"
"PANTONE 7762 UP","7762","#777e47"
"PANTONE 7763 UP","7763","#6d6e41"
"PANTONE 7764 UP","7764","#6f7143"
"PANTONE 7765 UP","7765","#dcca2c"
"PANTONE 7766 UP","7766","#d6c522"
"PANTONE 7767 UP","7767","#c4b531"
"PANTONE 7768 UP","7768","#a4962c"
"PANTONE 7769 UP","7769","#887c42"
"PANTONE 7770 UP","7770","#7d7754"
"PANTONE 7771 UP","7771","#675e38"
"PANTONE 4545 UP","4545","#f2e8be"
"PANTONE 4535 UP","4535","#e6dcb3"
"PANTONE 4525 UP","4525","#d6c895"
"PANTONE 4515 UP","4515","#cfc18d"
"PANTONE 4505 UP","4505","#bbaa70"
"PANTONE 4495 UP","4495","#a08c44"
"PANTONE 4485 UP","4485","#8c7a35"
"PANTONE 454 UP","454","#e3e1bb"
"PANTONE 453 UP","453","#d4d1a8"
"PANTONE 452 UP","452","#bdbb8c"
"PANTONE 451 UP","451","#acaa79"
"PANTONE 450 UP","450","#897d42"
"PANTONE 449 UP","449","#807754"
"PANTONE 448 UP","448","#6f6031"
"PANTONE 7499 UP","7499","#fff7da"
"PANTONE 7500 UP","7500","#f7eec8"
"PANTONE 7501 UP","7501","#f2e5c6"
"PANTONE 7502 UP","7502","#dbc08c"
"PANTONE 7503 UP","7503","#af9d62"
"PANTONE 7504 UP","7504","#a68e75"
"PANTONE 7505 UP","7505","#96754b"
"PANTONE 468 UP","468","#f0e1b6"
"PANTONE 467 UP","467","#ebd7a5"
"PANTONE 466 UP","466","#dac08f"
"PANTONE 465 UP","465","#c6a463"
"PANTONE 464 UP","464","#b2883c"
"PANTONE 463 UP","463","#9d783a"
"PANTONE 462 UP","462","#806735"
"PANTONE 7506 UP","7506","#fef1d4"
"PANTONE 7507 UP","7507","#ffe8c4"
"PANTONE 7508 UP","7508","#f3c88e"
"PANTONE 7509 UP","7509","#e0aa61"
"PANTONE 7510 UP","7510","#d89d55"
"PANTONE 7511 UP","7511","#bd7e2b"
"PANTONE 7512 UP","7512","#b47827"
"PANTONE 719 UP","719","#f9d6b2"
"PANTONE 720 UP","720","#f7d5b2"
"PANTONE 721 UP","721","#f0c097"
"PANTONE 722 UP","722","#db9d61"
"PANTONE 723 UP","723","#d89756"
"PANTONE 724 UP","724","#c17e32"
"PANTONE 725 UP","725","#b7792e"
"PANTONE 475 UP","475","#fbdec4"
"PANTONE 474 UP","474","#fad3b4"
"PANTONE 473 UP","473","#f5b88d"
"PANTONE 472 UP","472","#eb9f66"
"PANTONE 471 UP","471","#d58737"
"PANTONE 470 UP","470","#b87733"
"PANTONE 469 UP","469","#8f6132"
"PANTONE 726 UP","726","#fae4cc"
"PANTONE 727 UP","727","#edc8a2"
"PANTONE 728 UP","728","#e7c19b"
"PANTONE 729 UP","729","#dbac81"
"PANTONE 730 UP","730","#bf874f"
"PANTONE 731 UP","731","#a77338"
"PANTONE 732 UP","732","#9e6d34"
"PANTONE 4685 UP","4685","#f2dbc3"
"PANTONE 4675 UP","4675","#e7c5a5"
"PANTONE 4665 UP","4665","#d6ac8e"
"PANTONE 4655 UP","4655","#c39775"
"PANTONE 4645 UP","4645","#bd8f6e"
"PANTONE 4635 UP","4635","#a8734b"
"PANTONE 4625 UP","4625","#835831"
"PANTONE 7513 UP","7513","#f5d0c3"
"PANTONE 7514 UP","7514","#e5b6a1"
"PANTONE 7515 UP","7515","#cf957a"
"PANTONE 7516 UP","7516","#b6774a"
"PANTONE 7517 UP","7517","#ac6d39"
"PANTONE 7518 UP","7518","#83675e"
"PANTONE 7519 UP","7519","#7f6a5e"
"PANTONE 4755 UP","4755","#f0dccd"
"PANTONE 4745 UP","4745","#e6cec2"
"PANTONE 4735 UP","4735","#d1af9f"
"PANTONE 4725 UP","4725","#bf9b86"
"PANTONE 4715 UP","4715","#ab816b"
"PANTONE 4705 UP","4705","#a47c67"
"PANTONE 4695 UP","4695","#875832"
"PANTONE 482 UP","482","#f2dcce"
"PANTONE 481 UP","481","#e4c7b3"
"PANTONE 480 UP","480","#e2bda8"
"PANTONE 479 UP","479","#c19579"
"PANTONE 478 UP","478","#a8704a"
"PANTONE 477 UP","477","#8f623c"
"PANTONE 476 UP","476","#7c5834"
"PANTONE 7527 UP","7527","#f0ece0"
"PANTONE 7528 UP","7528","#e6e0da"
"PANTONE 7529 UP","7529","#d0c4ba"
"PANTONE 7530 UP","7530","#beb1a6"
"PANTONE 7531 UP","7531","#938678"
"PANTONE 7532 UP","7532","#887c70"
"PANTONE 7533 UP","7533","#7a7065"
"PANTONE 7534 UP","7534","#ebe8dd"
"PANTONE 7535 UP","7535","#dad5c7"
"PANTONE 7536 UP","7536","#c3bfae"
"PANTONE 7537 UP","7537","#c2cbc2"
"PANTONE 7538 UP","7538","#afb9b0"
"PANTONE 7539 UP","7539","#abb5af"
"PANTONE 7540 UP","7540","#787e84"
"PANTONE 427 UP","427","#dae0de"
"PANTONE 428 UP","428","#bfcbcc"
"PANTONE 429 UP","429","#a7b6ba"
"PANTONE 430 UP","430","#93a2a6"
"PANTONE 431 UP","431","#697a88"
"PANTONE 432 UP","432","#5d6a71"
"PANTONE 433 UP","433","#4a565a"
"PANTONE 420 UP","420","#d6d8d5"
"PANTONE 421 UP","421","#c1c5c6"
"PANTONE 422 UP","422","#b7bdbd"
"PANTONE 423 UP","423","#a6abad"
"PANTONE 424 UP","424","#888c90"
"PANTONE 425 UP","425","#7d8083"
"PANTONE 426 UP","426","#56595b"
"PANTONE 441 UP","441","#c8d7d5"
"PANTONE 442 UP","442","#b8cbca"
"PANTONE 443 UP","443","#9dafaf"
"PANTONE 444 UP","444","#859a9a"
"PANTONE 445 UP","445","#6f7f7e"
"PANTONE 446 UP","446","#586864"
"PANTONE 447 UP","447","#4f5c52"
"PANTONE 413 UP","413","#d6d7ce"
"PANTONE 414 UP","414","#c4c7be"
"PANTONE 415 UP","415","#b4b7ab"
"PANTONE 416 UP","416","#a7a99e"
"PANTONE 417 UP","417","#a1a398"
"PANTONE 418 UP","418","#89897a"
"PANTONE 419 UP","419","#404231"
"PANTONE 400 UP","400","#d4d1c8"
"PANTONE 401 UP","401","#c7c3bb"
"PANTONE 402 UP","402","#b4b3af"
"PANTONE 403 UP","403","#aba9a6"
"PANTONE 404 UP","404","#9a998c"
"PANTONE 405 UP","405","#8a8273"
"PANTONE Black UP","black","#736b57"
"PANTONE 406 UP","406","#d4d0cc"
"PANTONE 407 UP","407","#c2bab4"
"PANTONE 408 UP","408","#b2acab"
"PANTONE 409 UP","409","#a29793"
"PANTONE 410 UP","410","#958b85"
"PANTONE 411 UP","411","#8b796f"
"PANTONE 412 UP","412","#726353"
"PANTONE 434 UP","434","#e5dee0"
"PANTONE 435 UP","435","#cec4c5"
"PANTONE 436 UP","436","#baadb2"
"PANTONE 437 UP","437","#8e807f"
"PANTONE 438 UP","438","#7a6d74"
"PANTONE 439 UP","439","#73676d"
"PANTONE 440 UP","440","#736866"
"PANTONE Warm Gray 1 UP","warm-gray-1","#edeae4"
"PANTONE Warm Gray 2 UP","warm-gray-2","#e2e0da"
"PANTONE Warm Gray 3 UP","warm-gray-3","#cbc7c4"
"PANTONE Warm Gray 4 UP","warm-gray-4","#c4bfbb"
"PANTONE Warm Gray 5 UP","warm-gray-5","#b9b4b2"
"PANTONE Warm Gray 6 UP","warm-gray-6","#b0a9a3"
"PANTONE Warm Gray 7 UP","warm-gray-7","#a7a19b"
"PANTONE Warm Gray 8 UP","warm-gray-8","#99908b"
"PANTONE Warm Gray 9 UP","warm-gray-9","#938b87"
"PANTONE Warm Gray 10 UP","warm-gray-10","#8f857a"
"PANTONE Warm Gray 11 UP","warm-gray-11","#857a70"
"PANTONE Cool Gray 1 UP","cool-gray-1","#eaeae6"
"PANTONE Cool Gray 2 UP","cool-gray-2","#e7e6e3"
"PANTONE Cool Gray 3 UP","cool-gray-3","#d8dad9"
"PANTONE Cool Gray 4 UP","cool-gray-4","#cfd2d1"
"PANTONE Cool Gray 5 UP","cool-gray-5","#bbbfc1"
"PANTONE Cool Gray 6 UP","cool-gray-6","#abb1b4"
"PANTONE Cool Gray 7 UP","cool-gray-7","#a5acae"
"PANTONE Cool Gray 8 UP","cool-gray-8","#a2a9ab"
"PANTONE Cool Gray 9 UP","cool-gray-9","#919aa1"
"PANTONE Cool Gray 10 UP","cool-gray-10","#888e97"
"PANTONE Cool Gray 11 UP","cool-gray-11","#767f8a"
"PANTONE Black 2 UP","black-2","#645b33"
"PANTONE Black 3 UP","black-3","#515540"
"PANTONE Black 4 UP","black-4","#6a5634"
"PANTONE Black 5 UP","black-5","#6c4e46"
"PANTONE Black 6 UP","black-6","#2e3d4a"
"PANTONE Black 7 UP","black-7","#736d5e"